[17:30:49] auto_worker started (polling every 10s)

[17:30:50] processing DXMgTCSEvvC
[17:33:05] [done] DXMgTCSEvvC in 135s

[17:33:06] processing DWTqOJYCkoK
[17:35:36] [done] DWTqOJYCkoK in 149s

[17:35:37] processing DW6I-Yrivl6
[17:38:18] [done] DW6I-Yrivl6 in 161s

[17:38:19] processing DW81mZlCYgF
[17:42:52] [done] DW81mZlCYgF in 272s

[23:30:56] processing reels
[23:30:57] [FAIL] metadata fetch

[23:31:08] processing reels
[23:31:10] [FAIL] metadata fetch

[23:31:21] processing reels
[23:31:22] [FAIL] metadata fetch

[23:31:33] processing reels
[23:31:36] [FAIL] metadata fetch

[23:31:47] processing reels
[23:31:48] [FAIL] metadata fetch

[23:31:59] processing reels
[23:32:01] [FAIL] metadata fetch

[23:32:12] processing reels
[23:32:14] [FAIL] metadata fetch

[23:32:25] processing reels
[23:32:26] [FAIL] metadata fetch

[23:32:37] processing reels
[23:32:38] [FAIL] metadata fetch

[23:32:49] processing reels
[23:32:51] [FAIL] metadata fetch

[23:33:02] processing reels
[23:33:04] [FAIL] metadata fetch

[23:33:15] processing DUC8mzlkoEz
[23:35:24] [done] DUC8mzlkoEz in 129s

[23:35:25] processing reels
[23:35:27] [FAIL] metadata fetch

[23:35:38] processing reels
[23:35:40] [FAIL] metadata fetch

[23:35:51] processing reels
[23:35:52] [FAIL] metadata fetch

[23:36:03] processing reels
[23:36:05] [FAIL] metadata fetch

[23:36:16] processing reels
[23:36:18] [FAIL] metadata fetch

[23:36:28] processing reels
[23:36:30] [FAIL] metadata fetch

[23:36:41] processing reels
[23:36:43] [FAIL] metadata fetch

[23:36:53] processing reels
[23:36:55] [FAIL] metadata fetch

[23:37:06] processing reels
[23:37:08] [FAIL] metadata fetch

[23:37:18] processing reels
[23:37:20] [FAIL] metadata fetch

[23:37:31] processing reels
[23:37:32] [FAIL] metadata fetch

[23:37:43] processing reels
[23:37:45] [FAIL] metadata fetch

[23:37:56] processing reels
[23:37:58] [FAIL] metadata fetch

[23:38:08] processing reels
[23:38:10] [FAIL] metadata fetch

[23:38:21] processing reels
[23:38:22] [FAIL] metadata fetch

[23:38:33] processing reels
[23:38:35] [FAIL] metadata fetch

[23:38:46] processing reels
[23:38:47] [FAIL] metadata fetch

[23:38:58] processing reels
[23:38:59] [FAIL] metadata fetch

[23:39:10] processing reels
[23:39:12] [FAIL] metadata fetch

[23:39:23] processing reels
[23:39:24] [FAIL] metadata fetch

[23:39:35] processing reels
[23:39:37] [FAIL] metadata fetch

[23:39:48] processing reels
[23:39:49] [FAIL] metadata fetch

[23:40:00] processing reels
[23:40:02] [FAIL] metadata fetch

[23:40:12] processing reels
[23:40:14] [FAIL] metadata fetch

[23:40:25] processing reels
[23:40:26] [FAIL] metadata fetch

[23:40:37] processing reels
[23:40:39] [FAIL] metadata fetch

[23:40:50] processing reels
[23:40:51] [FAIL] metadata fetch

[23:41:02] processing reels
[23:41:04] [FAIL] metadata fetch

[23:41:14] processing reels
[23:41:16] [FAIL] metadata fetch

[23:41:26] processing reels
[23:41:28] [FAIL] metadata fetch

[23:41:39] processing reels
[23:41:40] [FAIL] metadata fetch

[23:41:51] processing reels
[23:41:52] [FAIL] metadata fetch

[23:42:03] processing reels
[23:42:04] [FAIL] metadata fetch

[23:42:16] processing reels
[23:42:19] [FAIL] metadata fetch

[23:42:30] processing reels
[23:42:31] [FAIL] metadata fetch

[23:42:42] processing reels
[23:42:44] [FAIL] metadata fetch

[23:42:55] processing reels
[23:42:57] [FAIL] metadata fetch

[23:43:08] processing reels
[23:43:09] [FAIL] metadata fetch

[23:43:20] processing reels
[23:43:22] [FAIL] metadata fetch

[23:43:33] processing reels
[23:43:34] [FAIL] metadata fetch

[23:43:45] processing reels
[23:43:46] [FAIL] metadata fetch

[23:43:57] processing reels
[23:43:59] [FAIL] metadata fetch

[23:44:10] processing reels
[23:44:12] [FAIL] metadata fetch

[23:44:23] processing reels
[23:44:24] [FAIL] metadata fetch

[23:44:35] processing reels
[23:44:37] [FAIL] metadata fetch

[23:44:48] processing reels
[23:44:49] [FAIL] metadata fetch

[23:45:00] processing reels
[23:45:02] [FAIL] metadata fetch

[23:45:13] processing reels
[23:45:14] [FAIL] metadata fetch

[23:45:25] processing reels
[23:45:26] [FAIL] metadata fetch

[23:45:37] processing reels
[23:45:39] [FAIL] metadata fetch

[23:45:50] processing reels
[23:45:51] [FAIL] metadata fetch

[23:46:02] processing reels
[23:46:03] [FAIL] metadata fetch

[23:46:14] processing reels
[23:46:16] [FAIL] metadata fetch

[23:46:26] processing reels
[23:46:29] [FAIL] metadata fetch

[23:46:40] processing reels
[23:46:42] [FAIL] metadata fetch

[23:46:52] processing reels
[23:46:54] [FAIL] metadata fetch

[23:47:05] processing reels
[23:47:07] [FAIL] metadata fetch

[23:47:18] processing reels
[23:47:19] [FAIL] metadata fetch

[23:47:30] processing reels
[23:47:31] [FAIL] metadata fetch

[23:47:42] processing reels
[23:47:44] [FAIL] metadata fetch

[23:47:55] processing reels
[23:47:57] [FAIL] metadata fetch

[23:48:07] processing reels
[23:48:09] [FAIL] metadata fetch

[23:48:20] processing reels
[23:48:21] [FAIL] metadata fetch

[23:48:32] processing reels
[23:48:34] [FAIL] metadata fetch

[23:48:45] processing reels
[23:48:47] [FAIL] metadata fetch

[23:48:58] processing reels
[23:48:59] [FAIL] metadata fetch

[23:49:10] processing reels
[23:49:12] [FAIL] metadata fetch

[23:49:23] processing reels
[23:49:24] [FAIL] metadata fetch

[23:49:35] processing reels
[23:49:37] [FAIL] metadata fetch

[23:49:47] processing reels
[23:49:49] [FAIL] metadata fetch

[23:50:00] processing reels
[23:50:01] [FAIL] metadata fetch

[23:50:12] processing reels
[23:50:14] [FAIL] metadata fetch

[23:50:25] processing reels
[23:50:27] [FAIL] metadata fetch

[23:50:37] processing reels
[23:50:39] [FAIL] metadata fetch

[23:50:50] processing reels
[23:50:51] [FAIL] metadata fetch

[23:51:02] processing reels
[23:51:03] [FAIL] metadata fetch

[23:51:14] processing reels
[23:51:16] [FAIL] metadata fetch

[23:51:27] processing reels
[23:51:28] [FAIL] metadata fetch

[23:51:39] processing reels
[23:51:41] [FAIL] metadata fetch

[23:51:51] processing reels
[23:51:53] [FAIL] metadata fetch

[23:52:04] processing reels
[23:52:06] [FAIL] metadata fetch

[23:52:16] processing reels
[23:52:18] [FAIL] metadata fetch

[23:52:28] processing reels
[23:52:30] [FAIL] metadata fetch

[23:52:41] processing reels
[23:52:42] [FAIL] metadata fetch

[23:52:53] processing reels
[23:52:55] [FAIL] metadata fetch

[23:53:06] processing reels
[23:53:07] [FAIL] metadata fetch

[23:53:18] processing reels
[23:53:20] [FAIL] metadata fetch

[23:53:30] processing reels
[23:53:32] [FAIL] metadata fetch

[23:53:43] processing reels
[23:53:45] [FAIL] metadata fetch

[23:53:56] processing reels
[23:53:57] [FAIL] metadata fetch

[23:54:08] processing reels
[23:54:10] [FAIL] metadata fetch

[23:54:20] processing reels
[23:54:22] [FAIL] metadata fetch

[23:54:32] processing reels
[23:54:34] [FAIL] metadata fetch

[23:54:46] processing reels
[23:54:47] [FAIL] metadata fetch

[23:54:59] processing reels
[23:55:00] [FAIL] metadata fetch

[23:55:11] processing reels
[23:55:12] [FAIL] metadata fetch

[23:55:23] processing reels
[23:55:25] [FAIL] metadata fetch

[23:55:35] processing reels
[23:55:38] [FAIL] metadata fetch

[23:55:48] processing reels
[23:55:50] [FAIL] metadata fetch

[23:56:01] processing reels
[23:56:03] [FAIL] metadata fetch

[23:56:14] processing reels
[23:56:15] [FAIL] metadata fetch

[23:56:26] processing reels
[23:56:28] [FAIL] metadata fetch

[23:56:39] processing reels
[23:56:41] [FAIL] metadata fetch

[23:56:52] processing reels
[23:56:54] [FAIL] metadata fetch

[23:57:05] processing reels
[23:57:06] [FAIL] metadata fetch

[23:57:17] processing reels
[23:57:18] [FAIL] metadata fetch

[23:57:29] processing reels
[23:57:31] [FAIL] metadata fetch

[23:57:42] processing reels
[23:57:43] [FAIL] metadata fetch

[23:57:54] processing reels
[23:57:56] [FAIL] metadata fetch

[23:58:06] processing reels
[23:58:08] [FAIL] metadata fetch

[23:58:19] processing reels
[23:58:20] [FAIL] metadata fetch

[23:58:31] processing reels
[23:58:32] [FAIL] metadata fetch

[23:58:43] processing reels
[23:58:45] [FAIL] metadata fetch

[23:58:55] processing reels
[23:58:57] [FAIL] metadata fetch

[23:59:08] processing reels
[23:59:09] [FAIL] metadata fetch

[23:59:20] processing reels
[23:59:22] [FAIL] metadata fetch

[23:59:32] processing reels
[23:59:34] [FAIL] metadata fetch

[23:59:44] processing reels
[23:59:46] [FAIL] metadata fetch

[23:59:57] processing reels
[23:59:59] [FAIL] metadata fetch

[00:00:10] processing reels
[00:00:12] [FAIL] metadata fetch

[00:00:22] processing reels
[00:00:25] [FAIL] metadata fetch

[00:00:35] processing reels
[00:00:37] [FAIL] metadata fetch

[00:00:48] processing reels
[00:00:50] [FAIL] metadata fetch

[00:01:01] processing reels
[00:01:03] [FAIL] metadata fetch

[00:01:14] processing reels
[00:01:15] [FAIL] metadata fetch

[00:01:26] processing reels
[00:01:28] [FAIL] metadata fetch

[00:01:38] processing reels
[00:01:40] [FAIL] metadata fetch

[00:01:51] processing reels
[00:01:53] [FAIL] metadata fetch

[00:02:03] processing reels
[00:02:06] [FAIL] metadata fetch

[00:02:16] processing reels
[00:02:18] [FAIL] metadata fetch

[00:02:29] processing reels
[00:02:31] [FAIL] metadata fetch

[00:02:42] processing reels
[00:02:44] [FAIL] metadata fetch

[00:02:55] processing reels
[00:02:57] [FAIL] metadata fetch

[00:03:08] processing reels
[00:03:09] [FAIL] metadata fetch

[00:03:20] processing reels
[00:03:23] [FAIL] metadata fetch

[00:03:34] processing reels
[00:03:36] [FAIL] metadata fetch

[00:03:46] processing reels
[00:03:48] [FAIL] metadata fetch

[00:03:59] processing reels
[00:04:00] [FAIL] metadata fetch

[00:04:11] processing reels
[00:04:13] [FAIL] metadata fetch

[00:04:24] processing reels
[00:04:26] [FAIL] metadata fetch

[00:04:36] processing reels
[00:04:38] [FAIL] metadata fetch

[00:04:49] processing reels
[00:04:52] [FAIL] metadata fetch

[00:05:02] processing reels
[00:05:04] [FAIL] metadata fetch

[00:05:15] processing reels
[00:05:17] [FAIL] metadata fetch

[00:05:27] processing reels
[00:05:29] [FAIL] metadata fetch

[00:05:40] processing reels
[00:05:41] [FAIL] metadata fetch

[00:05:52] processing reels
[00:05:54] [FAIL] metadata fetch

[00:06:04] processing reels
[00:06:06] [FAIL] metadata fetch

[00:06:17] processing reels
[00:06:18] [FAIL] metadata fetch

[00:06:29] processing reels
[00:06:31] [FAIL] metadata fetch

[00:06:41] processing reels
[00:06:44] [FAIL] metadata fetch

[00:06:55] processing reels
[00:06:58] [FAIL] metadata fetch

[00:07:08] processing reels
[00:07:10] [FAIL] metadata fetch

[00:07:21] processing reels
[00:07:23] [FAIL] metadata fetch

[00:07:34] processing reels
[00:07:35] [FAIL] metadata fetch

[00:07:46] processing reels
[00:07:48] [FAIL] metadata fetch

[00:07:58] processing reels
[00:08:00] [FAIL] metadata fetch

[00:08:11] processing reels
[00:08:13] [FAIL] metadata fetch

[00:08:24] processing reels
[00:08:26] [FAIL] metadata fetch

[00:08:36] processing reels
[00:08:38] [FAIL] metadata fetch

[00:08:49] processing reels
[00:08:50] [FAIL] metadata fetch

[00:09:01] processing reels
[00:09:02] [FAIL] metadata fetch

[00:09:13] processing reels
[00:09:15] [FAIL] metadata fetch

[00:09:26] processing reels
[00:09:28] [FAIL] metadata fetch

[00:09:39] processing reels
[00:09:41] [FAIL] metadata fetch

[00:09:52] processing reels
[00:09:53] [FAIL] metadata fetch

[00:10:04] processing reels
[00:10:06] [FAIL] metadata fetch

[00:10:17] processing reels
[00:10:19] [FAIL] metadata fetch

[00:10:30] processing reels
[00:10:32] [FAIL] metadata fetch

[00:10:43] processing reels
[00:10:44] [FAIL] metadata fetch

[00:10:55] processing reels
[00:10:57] [FAIL] metadata fetch

[00:11:08] processing reels
[00:11:10] [FAIL] metadata fetch

[00:11:21] processing reels
[00:11:22] [FAIL] metadata fetch

[00:11:33] processing reels
[00:11:35] [FAIL] metadata fetch

[00:11:46] processing reels
[00:11:47] [FAIL] metadata fetch

[00:11:58] processing reels
[00:11:59] [FAIL] metadata fetch

[00:12:10] processing reels
[00:12:13] [FAIL] metadata fetch

[00:12:23] processing reels
[00:12:25] [FAIL] metadata fetch

[00:12:36] processing reels
[00:12:39] [FAIL] metadata fetch

[00:12:50] processing reels
[00:12:51] [FAIL] metadata fetch

[00:13:02] processing reels
[00:13:03] [FAIL] metadata fetch

[00:13:14] processing reels
[00:13:16] [FAIL] metadata fetch

[00:13:27] processing reels
[00:13:28] [FAIL] metadata fetch

[00:13:39] processing reels
[00:13:40] [FAIL] metadata fetch

[00:13:52] processing reels
[00:13:53] [FAIL] metadata fetch

[00:14:04] processing reels
[00:14:06] [FAIL] metadata fetch

[00:14:17] processing reels
[00:14:19] [FAIL] metadata fetch

[00:14:30] processing reels
[00:14:31] [FAIL] metadata fetch

[00:14:42] processing reels
[00:14:44] [FAIL] metadata fetch

[00:14:55] processing reels
[00:14:56] [FAIL] metadata fetch

[00:15:07] processing reels
[00:15:09] [FAIL] metadata fetch

[00:15:20] processing reels
[00:15:22] [FAIL] metadata fetch

[00:15:33] processing reels
[00:15:35] [FAIL] metadata fetch

[00:15:46] processing reels
[00:15:48] [FAIL] metadata fetch

[00:15:59] processing reels
[00:16:00] [FAIL] metadata fetch

[00:16:11] processing reels
[00:16:13] [FAIL] metadata fetch

[00:16:24] processing reels
[00:16:26] [FAIL] metadata fetch

[00:16:36] processing reels
[00:16:38] [FAIL] metadata fetch

[00:16:49] processing reels
[00:16:50] [FAIL] metadata fetch

[00:17:01] processing reels
[00:17:03] [FAIL] metadata fetch

[00:17:14] processing reels
[00:17:15] [FAIL] metadata fetch

[00:17:26] processing reels
[00:17:28] [FAIL] metadata fetch

[00:17:38] processing reels
[00:17:40] [FAIL] metadata fetch

[00:17:51] processing reels
[00:17:52] [FAIL] metadata fetch

[00:18:03] processing reels
[00:18:05] [FAIL] metadata fetch

[00:18:16] processing reels
[00:18:18] [FAIL] metadata fetch

[00:18:29] processing reels
[00:18:31] [FAIL] metadata fetch

[00:18:42] processing reels
[00:18:43] [FAIL] metadata fetch

[00:18:54] processing reels
[00:18:56] [FAIL] metadata fetch

[00:19:07] processing reels
[00:19:09] [FAIL] metadata fetch

[00:19:20] processing reels
[00:19:22] [FAIL] metadata fetch

[00:19:33] processing reels
[00:19:34] [FAIL] metadata fetch

[00:19:45] processing reels
[00:19:47] [FAIL] metadata fetch

[00:19:58] processing reels
[00:20:00] [FAIL] metadata fetch

[00:20:10] processing reels
[00:20:12] [FAIL] metadata fetch

[00:20:23] processing reels
[00:20:24] [FAIL] metadata fetch

[00:20:35] processing reels
[00:20:37] [FAIL] metadata fetch

[00:20:47] processing reels
[00:20:49] [FAIL] metadata fetch

[00:20:59] processing reels
[00:21:02] [FAIL] metadata fetch

[00:21:12] processing reels
[00:21:14] [FAIL] metadata fetch

[00:21:25] processing reels
[00:21:26] [FAIL] metadata fetch

[00:21:37] processing reels
[00:21:39] [FAIL] metadata fetch

[00:21:50] processing reels
[00:21:52] [FAIL] metadata fetch

[00:22:03] processing reels
[00:22:05] [FAIL] metadata fetch

[00:22:16] processing reels
[00:22:19] [FAIL] metadata fetch

[00:22:29] processing reels
[00:22:31] [FAIL] metadata fetch

[00:22:42] processing reels
[00:22:44] [FAIL] metadata fetch

[00:22:55] processing reels
[00:22:57] [FAIL] metadata fetch

[00:23:08] processing reels
[00:23:09] [FAIL] metadata fetch

[00:23:20] processing reels
[00:23:22] [FAIL] metadata fetch

[00:23:33] processing reels
[00:23:34] [FAIL] metadata fetch

[00:23:45] processing reels
[00:23:47] [FAIL] metadata fetch

[00:23:57] processing reels
[00:23:59] [FAIL] metadata fetch

[00:24:10] processing reels
[00:24:12] [FAIL] metadata fetch

[00:24:23] processing reels
[00:24:24] [FAIL] metadata fetch

[00:24:35] processing reels
[00:24:37] [FAIL] metadata fetch

[00:24:47] processing reels
[00:24:48] [FAIL] metadata fetch

[00:24:59] processing reels
[00:25:01] [FAIL] metadata fetch

[00:25:12] processing reels
[00:25:14] [FAIL] metadata fetch

[00:25:25] processing reels
[00:25:27] [FAIL] metadata fetch

[00:25:38] processing reels
[00:25:39] [FAIL] metadata fetch

[00:25:50] processing reels
[00:25:52] [FAIL] metadata fetch

[00:26:03] processing reels
[00:26:04] [FAIL] metadata fetch

[00:26:15] processing reels
[00:26:17] [FAIL] metadata fetch

[00:26:28] processing reels
[00:26:30] [FAIL] metadata fetch

[00:26:41] processing reels
[00:26:43] [FAIL] metadata fetch

[00:26:54] processing reels
[00:26:55] [FAIL] metadata fetch

[00:27:06] processing reels
[00:27:07] [FAIL] metadata fetch

[00:27:18] processing reels
[00:27:20] [FAIL] metadata fetch

[00:27:31] processing reels
[00:27:33] [FAIL] metadata fetch

[00:27:44] processing reels
[00:27:46] [FAIL] metadata fetch

[00:27:57] processing reels
[00:27:59] [FAIL] metadata fetch

[00:28:09] processing reels
[00:28:11] [FAIL] metadata fetch

[00:28:22] processing reels
[00:28:23] [FAIL] metadata fetch

[00:28:34] processing reels
[00:28:36] [FAIL] metadata fetch

[00:28:47] processing reels
[00:28:49] [FAIL] metadata fetch

[00:28:59] processing reels
[00:29:02] [FAIL] metadata fetch

[00:29:12] processing reels
[00:29:14] [FAIL] metadata fetch

[00:29:25] processing reels
[00:29:27] [FAIL] metadata fetch

[00:29:37] processing reels
[00:29:39] [FAIL] metadata fetch

[00:29:50] processing reels
[00:29:52] [FAIL] metadata fetch

[00:30:02] processing reels
[00:30:04] [FAIL] metadata fetch

[00:30:15] processing reels
[00:30:17] [FAIL] metadata fetch

[00:30:28] processing reels
[00:30:29] [FAIL] metadata fetch

[00:30:40] processing reels
[00:30:41] [FAIL] metadata fetch

[00:30:52] processing reels
[00:30:54] [FAIL] metadata fetch

[00:31:05] processing reels
[00:31:06] [FAIL] metadata fetch

[00:31:17] processing reels
[00:31:18] [FAIL] metadata fetch

[00:31:29] processing reels
[00:31:31] [FAIL] metadata fetch

[00:31:42] processing reels
[00:31:44] [FAIL] metadata fetch

[00:31:55] processing reels
[00:31:57] [FAIL] metadata fetch

[00:32:08] processing reels
[00:32:09] [FAIL] metadata fetch

[00:32:20] processing reels
[00:32:22] [FAIL] metadata fetch

[00:32:33] processing reels
[00:32:35] [FAIL] metadata fetch

[00:32:46] processing reels
[00:32:48] [FAIL] metadata fetch

[00:32:59] processing reels
[00:33:01] [FAIL] metadata fetch

[00:33:12] processing reels
[00:33:14] [FAIL] metadata fetch

[00:33:24] processing reels
[00:33:26] [FAIL] metadata fetch

[00:33:37] processing reels
[00:33:39] [FAIL] metadata fetch

[00:33:50] processing reels
[00:33:52] [FAIL] metadata fetch

[00:34:03] processing reels
[00:34:05] [FAIL] metadata fetch

[00:34:16] processing reels
[00:34:17] [FAIL] metadata fetch

[00:34:28] processing reels
[00:34:30] [FAIL] metadata fetch

[00:34:41] processing reels
[00:34:42] [FAIL] metadata fetch

[00:34:53] processing reels
[00:34:55] [FAIL] metadata fetch

[00:35:06] processing reels
[00:35:08] [FAIL] metadata fetch

[00:35:18] processing reels
[00:35:20] [FAIL] metadata fetch

[00:35:31] processing reels
[00:35:33] [FAIL] metadata fetch

[00:35:44] processing reels
[00:35:47] [FAIL] metadata fetch

[00:35:57] processing reels
[00:36:00] [FAIL] metadata fetch

[00:36:11] processing reels
[00:36:12] [FAIL] metadata fetch

[00:36:23] processing reels
[00:36:25] [FAIL] metadata fetch

[00:36:36] processing reels
[00:36:38] [FAIL] metadata fetch

[00:36:48] processing reels
[00:36:50] [FAIL] metadata fetch

[00:37:01] processing reels
[00:37:03] [FAIL] metadata fetch

[00:37:14] processing reels
[00:37:17] [FAIL] metadata fetch

[00:37:27] processing reels
[00:37:29] [FAIL] metadata fetch

[00:37:40] processing reels
[00:37:41] [FAIL] metadata fetch

[00:37:52] processing reels
[00:37:54] [FAIL] metadata fetch

[00:38:05] processing reels
[00:38:07] [FAIL] metadata fetch

[00:38:18] processing reels
[00:38:20] [FAIL] metadata fetch

[00:38:31] processing reels
[00:38:33] [FAIL] metadata fetch

[00:38:44] processing reels
[00:38:46] [FAIL] metadata fetch

[00:38:57] processing reels
[00:38:59] [FAIL] metadata fetch

[00:39:09] processing reels
[00:39:11] [FAIL] metadata fetch

[00:39:22] processing reels
[00:39:24] [FAIL] metadata fetch

[00:39:35] processing reels
[00:39:36] [FAIL] metadata fetch

[00:39:47] processing reels
[00:39:50] [FAIL] metadata fetch

[00:40:01] processing reels
[00:40:02] [FAIL] metadata fetch

[00:40:13] processing reels
[00:40:14] [FAIL] metadata fetch

[00:40:25] processing reels
[00:40:27] [FAIL] metadata fetch

[00:40:38] processing reels
[00:40:40] [FAIL] metadata fetch

[00:40:51] processing reels
[00:40:52] [FAIL] metadata fetch

[00:41:03] processing reels
[00:41:05] [FAIL] metadata fetch

[00:41:16] processing reels
[00:41:18] [FAIL] metadata fetch

[00:41:29] processing reels
[00:41:30] [FAIL] metadata fetch

[00:41:41] processing reels
[00:41:43] [FAIL] metadata fetch

[00:41:53] processing reels
[00:41:55] [FAIL] metadata fetch

[00:42:06] processing reels
[00:42:08] [FAIL] metadata fetch

[00:42:19] processing reels
[00:42:20] [FAIL] metadata fetch

[00:42:32] processing reels
[00:42:34] [FAIL] metadata fetch

[00:42:44] processing reels
[00:42:47] [FAIL] metadata fetch

[00:42:58] processing reels
[00:42:59] [FAIL] metadata fetch

[00:43:10] processing reels
[00:43:11] [FAIL] metadata fetch

[00:43:22] processing reels
[00:43:24] [FAIL] metadata fetch

[00:43:35] processing reels
[00:43:37] [FAIL] metadata fetch

[00:43:47] processing reels
[00:43:49] [FAIL] metadata fetch

[00:44:00] processing reels
[00:44:02] [FAIL] metadata fetch

[00:44:13] processing reels
[00:44:15] [FAIL] metadata fetch

[00:44:25] processing reels
[00:44:27] [FAIL] metadata fetch

[00:44:38] processing reels
[00:44:40] [FAIL] metadata fetch

[00:44:51] processing reels
[00:44:52] [FAIL] metadata fetch

[00:45:04] processing reels
[00:45:05] [FAIL] metadata fetch

[00:45:16] processing reels
[00:45:19] [FAIL] metadata fetch

[00:45:30] processing reels
[00:45:31] [FAIL] metadata fetch

[00:45:42] processing reels
[00:45:43] [FAIL] metadata fetch

[00:45:54] processing reels
[00:45:56] [FAIL] metadata fetch

[00:46:07] processing reels
[00:46:09] [FAIL] metadata fetch

[00:46:20] processing reels
[00:46:22] [FAIL] metadata fetch

[00:46:33] processing reels
[00:46:34] [FAIL] metadata fetch

[00:46:45] processing reels
[00:46:48] [FAIL] metadata fetch

[00:46:59] processing reels
[00:47:01] [FAIL] metadata fetch

[00:47:11] processing reels
[00:47:13] [FAIL] metadata fetch

[00:47:24] processing reels
[00:47:26] [FAIL] metadata fetch

[00:47:36] processing reels
[00:47:38] [FAIL] metadata fetch

[00:47:49] processing reels
[00:47:52] [FAIL] metadata fetch

[00:48:03] processing reels
[00:48:04] [FAIL] metadata fetch

[00:48:15] processing reels
[00:48:17] [FAIL] metadata fetch

[00:48:28] processing reels
[00:48:30] [FAIL] metadata fetch

[00:48:41] processing reels
[00:48:43] [FAIL] metadata fetch

[00:48:53] processing reels
[00:48:55] [FAIL] metadata fetch

[00:49:06] processing reels
[00:49:07] [FAIL] metadata fetch

[00:49:18] processing reels
[00:49:20] [FAIL] metadata fetch

[00:49:31] processing reels
[00:49:33] [FAIL] metadata fetch

[00:49:43] processing reels
[00:49:45] [FAIL] metadata fetch

[00:49:56] processing reels
[00:49:57] [FAIL] metadata fetch

[00:50:08] processing reels
[00:50:10] [FAIL] metadata fetch

[00:50:21] processing reels
[00:50:22] [FAIL] metadata fetch

[00:50:33] processing reels
[00:50:35] [FAIL] metadata fetch

[00:50:45] processing reels
[00:50:47] [FAIL] metadata fetch

[00:50:58] processing reels
[00:51:00] [FAIL] metadata fetch

[00:51:10] processing reels
[00:51:12] [FAIL] metadata fetch

[00:51:23] processing reels
[00:51:25] [FAIL] metadata fetch

[00:51:36] processing reels
[00:51:37] [FAIL] metadata fetch

[00:51:48] processing reels
[00:51:50] [FAIL] metadata fetch

[00:52:00] processing reels
[00:52:02] [FAIL] metadata fetch

[00:52:13] processing reels
[00:52:15] [FAIL] metadata fetch

[00:52:26] processing reels
[00:52:29] [FAIL] metadata fetch

[00:52:39] processing reels
[00:52:41] [FAIL] metadata fetch

[00:52:51] processing reels
[00:52:53] [FAIL] metadata fetch

[00:53:04] processing reels
[00:53:05] [FAIL] metadata fetch

[00:53:16] processing reels
[00:53:18] [FAIL] metadata fetch

[00:53:29] processing reels
[00:53:30] [FAIL] metadata fetch

[00:53:41] processing reels
[00:53:42] [FAIL] metadata fetch

[00:53:54] processing reels
[00:53:56] [FAIL] metadata fetch

[00:54:07] processing reels
[00:54:09] [FAIL] metadata fetch

[00:54:20] processing reels
[00:54:22] [FAIL] metadata fetch

[00:54:33] processing reels
[00:54:35] [FAIL] metadata fetch

[00:54:45] processing reels
[00:54:47] [FAIL] metadata fetch

[00:54:58] processing reels
[00:54:59] [FAIL] metadata fetch

[00:55:10] processing reels
[00:55:12] [FAIL] metadata fetch

[00:55:23] processing reels
[00:55:25] [FAIL] metadata fetch

[00:55:36] processing reels
[00:55:37] [FAIL] metadata fetch

[00:55:48] processing reels
[00:55:50] [FAIL] metadata fetch

[00:56:01] processing reels
[00:56:02] [FAIL] metadata fetch

[00:56:13] processing reels
[00:56:14] [FAIL] metadata fetch

[00:56:25] processing reels
[00:56:27] [FAIL] metadata fetch

[00:56:38] processing reels
[00:56:39] [FAIL] metadata fetch

[00:56:50] processing reels
[00:56:52] [FAIL] metadata fetch

[00:57:03] processing reels
[00:57:04] [FAIL] metadata fetch

[00:57:15] processing reels
[00:57:17] [FAIL] metadata fetch

[00:57:27] processing reels
[00:57:29] [FAIL] metadata fetch

[00:57:40] processing reels
[00:57:42] [FAIL] metadata fetch

[00:57:53] processing reels
[00:57:54] [FAIL] metadata fetch

[00:58:05] processing reels
[00:58:07] [FAIL] metadata fetch

[00:58:18] processing reels
[00:58:19] [FAIL] metadata fetch

[00:58:30] processing reels
[00:58:31] [FAIL] metadata fetch

[00:58:42] processing reels
[00:58:44] [FAIL] metadata fetch

[00:58:55] processing reels
[00:58:56] [FAIL] metadata fetch

[00:59:07] processing reels
[00:59:09] [FAIL] metadata fetch

[00:59:19] processing reels
[00:59:21] [FAIL] metadata fetch

[00:59:32] processing reels
[00:59:33] [FAIL] metadata fetch

[00:59:44] processing reels
[00:59:45] [FAIL] metadata fetch

[00:59:56] processing reels
[00:59:58] [FAIL] metadata fetch

[01:00:09] processing reels
[01:00:12] [FAIL] metadata fetch

[01:00:23] processing reels
[01:00:25] [FAIL] metadata fetch

[01:00:35] processing reels
[01:00:37] [FAIL] metadata fetch

[01:00:47] processing reels
[01:00:49] [FAIL] metadata fetch

[01:01:00] processing reels
[01:01:02] [FAIL] metadata fetch

[01:01:12] processing reels
[01:01:14] [FAIL] metadata fetch

[01:01:25] processing reels
[01:01:27] [FAIL] metadata fetch

[01:01:38] processing reels
[01:01:40] [FAIL] metadata fetch

[01:01:50] processing reels
[01:01:52] [FAIL] metadata fetch

[01:02:03] processing reels
[01:02:05] [FAIL] metadata fetch

[01:02:15] processing reels
[01:02:17] [FAIL] metadata fetch

[01:02:28] processing reels
[01:02:30] [FAIL] metadata fetch

[01:02:40] processing reels
[01:02:42] [FAIL] metadata fetch

[01:02:53] processing reels
[01:02:54] [FAIL] metadata fetch

[01:03:05] processing reels
[01:03:06] [FAIL] metadata fetch

[01:03:17] processing reels
[01:03:19] [FAIL] metadata fetch

[01:03:30] processing reels
[01:03:32] [FAIL] metadata fetch

[01:03:42] processing reels
[01:03:44] [FAIL] metadata fetch

[01:03:55] processing reels
[01:03:56] [FAIL] metadata fetch

[01:04:07] processing reels
[01:04:08] [FAIL] metadata fetch

[01:04:20] processing reels
[01:04:21] [FAIL] metadata fetch

[01:04:33] processing reels
[01:04:35] [FAIL] metadata fetch

[01:04:46] processing reels
[01:04:48] [FAIL] metadata fetch

[01:04:59] processing reels
[01:05:00] [FAIL] metadata fetch

[01:05:11] processing reels
[01:05:13] [FAIL] metadata fetch

[01:05:24] processing reels
[01:05:26] [FAIL] metadata fetch

[01:05:37] processing reels
[01:05:38] [FAIL] metadata fetch

[01:05:49] processing reels
[01:05:51] [FAIL] metadata fetch

[01:06:01] processing reels
[01:06:03] [FAIL] metadata fetch

[01:06:14] processing reels
[01:06:16] [FAIL] metadata fetch

[01:06:27] processing reels
[01:06:29] [FAIL] metadata fetch

[01:06:39] processing reels
[01:06:42] [FAIL] metadata fetch

[01:06:53] processing reels
[01:06:55] [FAIL] metadata fetch

[01:07:05] processing reels
[01:07:07] [FAIL] metadata fetch

[01:07:18] processing reels
[01:07:20] [FAIL] metadata fetch

[01:07:30] processing reels
[01:07:32] [FAIL] metadata fetch

[01:07:43] processing reels
[01:07:46] [FAIL] metadata fetch

[01:07:57] processing reels
[01:07:59] [FAIL] metadata fetch

[01:08:10] processing reels
[01:08:11] [FAIL] metadata fetch

[01:08:22] processing reels
[01:08:24] [FAIL] metadata fetch

[01:08:35] processing reels
[01:08:38] [FAIL] metadata fetch

[01:08:48] processing reels
[01:08:50] [FAIL] metadata fetch

[01:09:01] processing reels
[01:09:02] [FAIL] metadata fetch

[01:09:13] processing reels
[01:09:14] [FAIL] metadata fetch

[01:09:25] processing reels
[01:09:27] [FAIL] metadata fetch

[01:09:38] processing reels
[01:09:39] [FAIL] metadata fetch

[01:09:50] processing reels
[01:09:52] [FAIL] metadata fetch

[01:10:03] processing reels
[01:10:05] [FAIL] metadata fetch

[01:10:16] processing reels
[01:10:17] [FAIL] metadata fetch

[01:10:28] processing reels
[01:10:30] [FAIL] metadata fetch

[01:10:41] processing reels
[01:10:42] [FAIL] metadata fetch

[01:10:53] processing reels
[01:10:55] [FAIL] metadata fetch

[01:11:06] processing reels
[01:11:07] [FAIL] metadata fetch

[01:11:18] processing reels
[01:11:20] [FAIL] metadata fetch

[01:11:31] processing reels
[01:11:33] [FAIL] metadata fetch

[01:11:44] processing reels
[01:11:45] [FAIL] metadata fetch

[01:11:56] processing reels
[01:11:58] [FAIL] metadata fetch

[01:12:09] processing reels
[01:12:10] [FAIL] metadata fetch

[01:12:21] processing reels
[01:12:23] [FAIL] metadata fetch

[01:12:34] processing reels
[01:12:35] [FAIL] metadata fetch

[01:12:46] processing reels
[01:12:48] [FAIL] metadata fetch

[01:12:59] processing reels
[01:13:00] [FAIL] metadata fetch

[01:13:11] processing reels
[01:13:12] [FAIL] metadata fetch

[01:13:23] processing reels
[01:13:25] [FAIL] metadata fetch

[01:13:36] processing reels
[01:13:38] [FAIL] metadata fetch

[01:13:49] processing reels
[01:13:51] [FAIL] metadata fetch

[01:14:02] processing reels
[01:14:04] [FAIL] metadata fetch

[01:14:14] processing reels
[01:14:16] [FAIL] metadata fetch

[01:14:27] processing reels
[01:14:29] [FAIL] metadata fetch

[01:14:40] processing reels
[01:14:41] [FAIL] metadata fetch

[01:14:52] processing reels
[01:14:53] [FAIL] metadata fetch

[01:15:04] processing reels
[01:15:06] [FAIL] metadata fetch

[01:15:16] processing reels
[01:15:18] [FAIL] metadata fetch

[01:15:29] processing reels
[01:15:31] [FAIL] metadata fetch

[01:15:41] processing reels
[01:15:43] [FAIL] metadata fetch

[01:15:54] processing reels
[01:15:56] [FAIL] metadata fetch

[01:16:07] processing reels
[01:16:09] [FAIL] metadata fetch

[01:16:20] processing reels
[01:16:21] [FAIL] metadata fetch

[01:16:32] processing reels
[01:16:34] [FAIL] metadata fetch

[01:16:45] processing reels
[01:16:52] [FAIL] metadata fetch

[01:17:03] processing reels
[01:17:04] [FAIL] metadata fetch

[01:17:15] processing reels
[01:17:17] [FAIL] metadata fetch

[01:17:27] processing reels
[01:17:29] [FAIL] metadata fetch

[01:17:39] processing reels
[01:17:42] [FAIL] metadata fetch

[01:17:52] processing reels
[01:17:54] [FAIL] metadata fetch

[01:18:05] processing reels
[01:18:07] [FAIL] metadata fetch

[01:18:17] processing reels
[01:18:20] [FAIL] metadata fetch

[01:18:31] processing reels
[01:18:32] [FAIL] metadata fetch

[01:18:43] processing reels
[01:18:44] [FAIL] metadata fetch

[01:18:55] processing reels
[01:18:57] [FAIL] metadata fetch

[01:19:08] processing reels
[01:19:10] [FAIL] metadata fetch

[01:19:20] processing reels
[01:19:22] [FAIL] metadata fetch

[01:19:33] processing reels
[01:19:34] [FAIL] metadata fetch

[01:19:45] processing reels
[01:19:46] [FAIL] metadata fetch

[01:19:57] processing reels
[01:19:58] [FAIL] metadata fetch

[01:20:09] processing reels
[01:20:10] [FAIL] metadata fetch

[01:20:21] processing reels
[01:20:24] [FAIL] metadata fetch

[01:20:34] processing reels
[01:20:36] [FAIL] metadata fetch

[01:20:47] processing reels
[01:20:48] [FAIL] metadata fetch

[01:20:59] processing reels
[01:21:01] [FAIL] metadata fetch

[01:21:12] processing reels
[01:21:13] [FAIL] metadata fetch

[01:21:24] processing reels
[01:21:26] [FAIL] metadata fetch

[01:21:36] processing reels
[01:21:38] [FAIL] metadata fetch

[01:21:49] processing reels
[01:21:50] [FAIL] metadata fetch

[01:22:01] processing reels
[01:22:03] [FAIL] metadata fetch

[01:22:14] processing reels
[01:22:16] [FAIL] metadata fetch

[01:22:27] processing reels
[01:22:29] [FAIL] metadata fetch

[01:22:40] processing reels
[01:22:42] [FAIL] metadata fetch

[01:22:53] processing reels
[01:22:55] [FAIL] metadata fetch

[01:23:06] processing reels
[01:23:08] [FAIL] metadata fetch

[01:23:19] processing reels
[01:23:20] [FAIL] metadata fetch

[01:23:31] processing reels
[01:23:33] [FAIL] metadata fetch

[01:23:44] processing reels
[01:23:45] [FAIL] metadata fetch

[01:23:56] processing reels
[01:23:58] [FAIL] metadata fetch

[01:24:08] processing reels
[01:24:10] [FAIL] metadata fetch

[01:24:21] processing reels
[01:24:22] [FAIL] metadata fetch

[01:24:33] processing reels
[01:24:34] [FAIL] metadata fetch

[01:24:45] processing reels
[01:24:47] [FAIL] metadata fetch

[01:24:58] processing reels
[01:24:59] [FAIL] metadata fetch

[01:25:10] processing reels
[01:25:11] [FAIL] metadata fetch

[01:25:22] processing reels
[01:25:24] [FAIL] metadata fetch

[01:25:35] processing reels
[01:25:37] [FAIL] metadata fetch

[01:25:48] processing reels
[01:25:49] [FAIL] metadata fetch

[01:26:00] processing reels
[01:26:02] [FAIL] metadata fetch

[01:26:12] processing reels
[01:26:14] [FAIL] metadata fetch

[01:26:25] processing reels
[01:26:27] [FAIL] metadata fetch

[01:26:38] processing reels
[01:26:39] [FAIL] metadata fetch

[01:26:50] processing reels
[01:26:52] [FAIL] metadata fetch

[01:27:03] processing reels
[01:27:05] [FAIL] metadata fetch

[01:27:15] processing reels
[01:27:17] [FAIL] metadata fetch

[01:27:28] processing reels
[01:27:30] [FAIL] metadata fetch

[01:27:40] processing reels
[01:27:42] [FAIL] metadata fetch

[01:27:52] processing reels
[01:27:54] [FAIL] metadata fetch

[01:28:05] processing reels
[01:28:06] [FAIL] metadata fetch

[01:28:17] processing reels
[01:28:20] [FAIL] metadata fetch

[01:28:30] processing reels
[01:28:32] [FAIL] metadata fetch

[01:28:43] processing reels
[01:28:45] [FAIL] metadata fetch

[01:28:56] processing reels
[01:28:57] [FAIL] metadata fetch

[01:29:08] processing reels
[01:29:09] [FAIL] metadata fetch

[01:29:20] processing reels
[01:29:22] [FAIL] metadata fetch

[01:29:33] processing reels
[01:29:34] [FAIL] metadata fetch

[01:29:45] processing reels
[01:29:47] [FAIL] metadata fetch

[01:29:58] processing reels
[01:30:00] [FAIL] metadata fetch

[01:30:11] processing reels
[01:30:13] [FAIL] metadata fetch

[01:30:25] processing reels
[01:30:28] [FAIL] metadata fetch

[01:30:39] processing reels
[01:30:41] [FAIL] metadata fetch

[01:30:52] processing reels
[01:30:54] [FAIL] metadata fetch

[01:31:04] processing reels
[01:31:07] [FAIL] metadata fetch

[01:31:17] processing reels
[01:31:20] [FAIL] metadata fetch

[01:31:31] processing reels
[01:31:32] [FAIL] metadata fetch

[01:31:43] processing reels
[01:31:47] [FAIL] metadata fetch

[01:31:58] processing reels
[01:31:59] [FAIL] metadata fetch

[01:32:10] processing reels
[01:32:12] [FAIL] metadata fetch

[01:32:23] processing reels
[01:32:24] [FAIL] metadata fetch

[01:32:35] processing reels
[01:32:37] [FAIL] metadata fetch

[01:32:48] processing reels
[01:32:50] [FAIL] metadata fetch

[01:33:01] processing reels
[01:33:03] [FAIL] metadata fetch

[01:33:13] processing reels
[01:33:15] [FAIL] metadata fetch

[01:33:26] processing reels
[01:33:27] [FAIL] metadata fetch

[01:33:38] processing reels
[01:33:40] [FAIL] metadata fetch

[01:33:50] processing reels
[01:33:52] [FAIL] metadata fetch

[01:34:03] processing reels
[01:34:04] [FAIL] metadata fetch

[01:34:15] processing reels
[01:34:16] [FAIL] metadata fetch

[01:34:27] processing reels
[01:34:29] [FAIL] metadata fetch

[01:34:40] processing reels
[01:34:42] [FAIL] metadata fetch

[01:34:53] processing reels
[01:34:55] [FAIL] metadata fetch

[01:35:06] processing reels
[01:35:07] [FAIL] metadata fetch

[01:35:18] processing reels
[01:35:22] [FAIL] metadata fetch

[01:35:33] processing reels
[01:35:35] [FAIL] metadata fetch

[01:35:46] processing reels
[01:35:47] [FAIL] metadata fetch

[01:35:58] processing reels
[01:35:59] [FAIL] metadata fetch

[01:36:10] processing reels
[01:36:12] [FAIL] metadata fetch

[01:36:22] processing reels
[01:36:24] [FAIL] metadata fetch

[01:36:35] processing reels
[01:36:37] [FAIL] metadata fetch

[01:36:48] processing reels
[01:36:49] [FAIL] metadata fetch

[01:37:00] processing reels
[01:37:02] [FAIL] metadata fetch

[01:37:13] processing reels
[01:37:14] [FAIL] metadata fetch

[01:37:25] processing reels
[01:37:27] [FAIL] metadata fetch

[01:37:38] processing reels
[01:37:40] [FAIL] metadata fetch

[01:37:51] processing reels
[01:37:53] [FAIL] metadata fetch

[01:38:03] processing reels
[01:38:05] [FAIL] metadata fetch

[01:38:16] processing reels
[01:38:17] [FAIL] metadata fetch

[01:38:28] processing reels
[01:38:30] [FAIL] metadata fetch

[01:38:40] processing reels
[01:38:42] [FAIL] metadata fetch

[01:38:53] processing reels
[01:38:54] [FAIL] metadata fetch

[01:39:05] processing reels
[01:39:06] [FAIL] metadata fetch

[01:39:17] processing reels
[01:39:19] [FAIL] metadata fetch

[01:39:30] processing reels
[01:39:31] [FAIL] metadata fetch

[01:39:42] processing reels
[01:39:44] [FAIL] metadata fetch

[01:39:55] processing reels
[01:39:57] [FAIL] metadata fetch

[01:40:08] processing reels
[01:40:10] [FAIL] metadata fetch

[01:40:21] processing reels
[01:40:23] [FAIL] metadata fetch

[01:40:34] processing reels
[01:40:36] [FAIL] metadata fetch

[01:40:47] processing reels
[01:40:48] [FAIL] metadata fetch

[01:40:59] processing reels
[01:41:00] [FAIL] metadata fetch

[01:41:11] processing reels
[01:41:13] [FAIL] metadata fetch

[01:41:24] processing reels
[01:41:25] [FAIL] metadata fetch

[01:41:36] processing reels
[01:41:38] [FAIL] metadata fetch

[01:41:48] processing reels
[01:41:50] [FAIL] metadata fetch

[01:42:01] processing reels
[01:42:03] [FAIL] metadata fetch

[01:42:14] processing reels
[01:42:16] [FAIL] metadata fetch

[01:42:27] processing reels
[01:42:29] [FAIL] metadata fetch

[01:42:40] processing reels
[01:42:42] [FAIL] metadata fetch

[01:42:53] processing reels
[01:42:54] [FAIL] metadata fetch

[01:43:05] processing reels
[01:43:08] [FAIL] metadata fetch

[01:43:19] processing reels
[01:43:21] [FAIL] metadata fetch

[01:43:31] processing reels
[01:43:33] [FAIL] metadata fetch

[01:43:44] processing reels
[01:43:45] [FAIL] metadata fetch

[01:43:56] processing reels
[01:43:58] [FAIL] metadata fetch

[01:44:08] processing reels
[01:44:10] [FAIL] metadata fetch

[01:44:21] processing reels
[01:44:23] [FAIL] metadata fetch

[01:44:33] processing reels
[01:44:35] [FAIL] metadata fetch

[01:44:46] processing reels
[01:44:47] [FAIL] metadata fetch

[01:44:58] processing reels
[01:45:00] [FAIL] metadata fetch

[01:45:10] processing reels
[01:45:13] [FAIL] metadata fetch

[01:45:24] processing reels
[01:45:25] [FAIL] metadata fetch

[01:45:36] processing reels
[01:45:38] [FAIL] metadata fetch

[01:45:49] processing reels
[01:45:50] [FAIL] metadata fetch

[01:46:01] processing reels
[01:46:03] [FAIL] metadata fetch

[01:46:13] processing reels
[01:46:15] [FAIL] metadata fetch

[01:46:26] processing reels
[01:46:28] [FAIL] metadata fetch

[01:46:38] processing reels
[01:46:41] [FAIL] metadata fetch

[01:46:52] processing reels
[01:46:54] [FAIL] metadata fetch

[01:47:05] processing reels
[01:47:08] [FAIL] metadata fetch

[01:47:19] processing reels
[01:47:20] [FAIL] metadata fetch

[01:47:31] processing reels
[01:47:33] [FAIL] metadata fetch

[01:47:43] processing reels
[01:47:45] [FAIL] metadata fetch

[01:47:56] processing reels
[01:48:08] [FAIL] metadata fetch

[01:48:19] processing reels
[01:48:21] [FAIL] metadata fetch

[01:48:32] processing reels
[01:48:33] [FAIL] metadata fetch

[01:48:44] processing reels
[01:48:45] [FAIL] metadata fetch

[01:48:56] processing reels
[01:48:57] [FAIL] metadata fetch

[01:49:08] processing reels
[01:49:10] [FAIL] metadata fetch

[01:49:21] processing reels
[01:49:22] [FAIL] metadata fetch

[01:49:33] processing reels
[01:49:36] [FAIL] metadata fetch

[01:49:46] processing reels
[01:49:48] [FAIL] metadata fetch

[01:49:59] processing reels
[01:50:00] [FAIL] metadata fetch

[01:50:11] processing reels
[01:50:13] [FAIL] metadata fetch

[01:50:24] processing reels
[01:50:25] [FAIL] metadata fetch

[01:50:36] processing reels
[01:50:38] [FAIL] metadata fetch

[01:50:48] processing reels
[01:50:50] [FAIL] metadata fetch

[01:51:01] processing reels
[01:51:02] [FAIL] metadata fetch

[01:51:13] processing reels
[01:51:15] [FAIL] metadata fetch

[01:51:26] processing reels
[01:51:27] [FAIL] metadata fetch

[01:51:38] processing reels
[01:51:40] [FAIL] metadata fetch

[01:51:51] processing reels
[01:51:52] [FAIL] metadata fetch

[01:52:03] processing reels
[01:52:07] [FAIL] metadata fetch

[01:52:18] processing reels
[01:52:20] [FAIL] metadata fetch

[01:52:31] processing reels
[01:52:32] [FAIL] metadata fetch

[01:52:43] processing reels
[01:52:44] [FAIL] metadata fetch

[01:52:55] processing reels
[01:52:57] [FAIL] metadata fetch

[01:53:07] processing reels
[01:53:09] [FAIL] metadata fetch

[01:53:20] processing reels
[01:53:21] [FAIL] metadata fetch

[01:53:32] processing reels
[01:53:34] [FAIL] metadata fetch

[01:53:45] processing reels
[01:53:47] [FAIL] metadata fetch

[01:53:57] processing reels
[01:53:59] [FAIL] metadata fetch

[01:54:10] processing reels
[01:54:11] [FAIL] metadata fetch

[01:54:22] processing reels
[01:54:23] [FAIL] metadata fetch

[01:54:34] processing reels
[01:54:36] [FAIL] metadata fetch

[01:54:47] processing reels
[01:54:49] [FAIL] metadata fetch

[01:55:00] processing reels
[01:55:02] [FAIL] metadata fetch

[01:55:13] processing reels
[01:55:14] [FAIL] metadata fetch

[01:55:25] processing reels
[01:55:27] [FAIL] metadata fetch

[01:55:37] processing reels
[01:55:39] [FAIL] metadata fetch

[01:55:50] processing reels
[01:55:51] [FAIL] metadata fetch

[01:56:02] processing reels
[01:56:03] [FAIL] metadata fetch

[01:56:14] processing reels
[01:56:15] [FAIL] metadata fetch

[01:56:26] processing reels
[01:56:28] [FAIL] metadata fetch

[01:56:38] processing reels
[01:56:40] [FAIL] metadata fetch

[01:56:51] processing reels
[01:56:52] [FAIL] metadata fetch

[01:57:03] processing reels
[01:57:05] [FAIL] metadata fetch

[01:57:15] processing reels
[01:57:18] [FAIL] metadata fetch

[01:57:29] processing reels
[01:57:31] [FAIL] metadata fetch

[01:57:42] processing reels
[01:57:43] [FAIL] metadata fetch

[01:57:54] processing reels
[01:57:56] [FAIL] metadata fetch

[01:58:07] processing reels
[01:58:09] [FAIL] metadata fetch

[01:58:19] processing reels
[01:58:21] [FAIL] metadata fetch

[01:58:32] processing reels
[01:58:34] [FAIL] metadata fetch

[01:58:45] processing reels
[01:58:46] [FAIL] metadata fetch

[01:58:57] processing reels
[01:58:59] [FAIL] metadata fetch

[01:59:09] processing reels
[01:59:11] [FAIL] metadata fetch

[01:59:22] processing reels
[01:59:24] [FAIL] metadata fetch

[01:59:34] processing reels
[01:59:36] [FAIL] metadata fetch

[01:59:47] processing reels
[01:59:49] [FAIL] metadata fetch

[02:00:00] processing reels
[02:00:02] [FAIL] metadata fetch

[02:00:12] processing reels
[02:00:14] [FAIL] metadata fetch

[02:00:25] processing reels
[02:00:27] [FAIL] metadata fetch

[02:00:38] processing reels
[02:00:39] [FAIL] metadata fetch

[02:00:50] processing reels
[02:00:52] [FAIL] metadata fetch

[02:01:03] processing reels
[02:01:05] [FAIL] metadata fetch

[02:01:16] processing reels
[02:01:18] [FAIL] metadata fetch

[02:01:29] processing reels
[02:01:30] [FAIL] metadata fetch

[02:01:41] processing reels
[02:01:43] [FAIL] metadata fetch

[02:01:53] processing reels
[02:01:55] [FAIL] metadata fetch

[02:02:06] processing reels
[02:02:08] [FAIL] metadata fetch

[02:02:19] processing reels
[02:02:21] [FAIL] metadata fetch

[02:02:32] processing reels
[02:02:34] [FAIL] metadata fetch

[02:02:44] processing reels
[02:02:46] [FAIL] metadata fetch

[02:02:57] processing reels
[02:02:59] [FAIL] metadata fetch

[02:03:10] processing reels
[02:03:12] [FAIL] metadata fetch

[02:03:22] processing reels
[02:03:24] [FAIL] metadata fetch

[02:03:35] processing reels
[02:03:36] [FAIL] metadata fetch

[02:03:47] processing reels
[02:03:49] [FAIL] metadata fetch

[02:04:00] processing reels
[02:04:02] [FAIL] metadata fetch

[02:04:12] processing reels
[02:04:14] [FAIL] metadata fetch

[02:04:25] processing reels
[02:04:27] [FAIL] metadata fetch

[02:04:38] processing reels
[02:04:39] [FAIL] metadata fetch

[02:04:50] processing reels
[02:04:52] [FAIL] metadata fetch

[02:05:02] processing reels
[02:05:04] [FAIL] metadata fetch

[02:05:15] processing reels
[02:05:17] [FAIL] metadata fetch

[02:05:28] processing reels
[02:05:29] [FAIL] metadata fetch

[02:05:40] processing reels
[02:05:42] [FAIL] metadata fetch

[02:05:53] processing reels
[02:05:55] [FAIL] metadata fetch

[02:06:06] processing reels
[02:06:08] [FAIL] metadata fetch

[02:06:18] processing reels
[02:06:21] [FAIL] metadata fetch

[02:06:32] processing reels
[02:06:35] [FAIL] metadata fetch

[02:06:46] processing reels
[02:06:47] [FAIL] metadata fetch

[02:06:58] processing reels
[02:07:00] [FAIL] metadata fetch

[02:07:11] processing reels
[02:07:13] [FAIL] metadata fetch

[02:07:24] processing reels
[02:07:26] [FAIL] metadata fetch

[02:07:37] processing reels
[02:07:39] [FAIL] metadata fetch

[02:07:50] processing reels
[02:07:51] [FAIL] metadata fetch

[02:08:02] processing reels
[02:08:04] [FAIL] metadata fetch

[02:08:14] processing reels
[02:08:16] [FAIL] metadata fetch

[02:08:27] processing reels
[02:08:31] [FAIL] metadata fetch

[02:08:42] processing reels
[02:08:44] [FAIL] metadata fetch

[02:08:54] processing reels
[02:08:56] [FAIL] metadata fetch

[02:09:07] processing reels
[02:09:08] [FAIL] metadata fetch

[02:09:19] processing reels
[02:09:21] [FAIL] metadata fetch

[02:09:32] processing reels
[02:09:33] [FAIL] metadata fetch

[02:09:43] processing reels
[02:09:45] [FAIL] metadata fetch

[02:09:56] processing reels
[02:09:58] [FAIL] metadata fetch

[02:10:08] processing reels
[02:10:10] [FAIL] metadata fetch

[02:10:21] processing reels
[02:10:22] [FAIL] metadata fetch

[02:10:33] processing reels
[02:10:35] [FAIL] metadata fetch

[02:10:45] processing reels
[02:10:47] [FAIL] metadata fetch

[02:10:58] processing reels
[02:11:00] [FAIL] metadata fetch

[02:11:11] processing reels
[02:11:12] [FAIL] metadata fetch

[02:11:23] processing reels
[02:11:26] [FAIL] metadata fetch

[02:11:36] processing reels
[02:11:38] [FAIL] metadata fetch

[02:11:49] processing reels
[02:11:50] [FAIL] metadata fetch

[02:12:01] processing reels
[02:12:03] [FAIL] metadata fetch

[02:12:14] processing reels
[02:12:15] [FAIL] metadata fetch

[02:12:26] processing reels
[02:12:28] [FAIL] metadata fetch

[02:12:39] processing reels
[02:12:40] [FAIL] metadata fetch

[02:12:51] processing reels
[02:12:53] [FAIL] metadata fetch

[02:13:03] processing reels
[02:13:05] [FAIL] metadata fetch

[02:13:16] processing reels
[02:13:18] [FAIL] metadata fetch

[02:13:28] processing reels
[02:13:30] [FAIL] metadata fetch

[02:13:41] processing reels
[02:13:43] [FAIL] metadata fetch

[02:13:53] processing reels
[02:13:55] [FAIL] metadata fetch

[02:14:06] processing reels
[02:14:08] [FAIL] metadata fetch

[02:14:18] processing reels
[02:14:20] [FAIL] metadata fetch

[02:14:31] processing reels
[02:14:33] [FAIL] metadata fetch

[02:14:44] processing reels
[02:14:45] [FAIL] metadata fetch

[02:14:56] processing reels
[02:14:58] [FAIL] metadata fetch

[02:15:09] processing reels
[02:15:11] [FAIL] metadata fetch

[02:15:22] processing reels
[02:15:27] [FAIL] metadata fetch

[02:15:38] processing reels
[02:15:40] [FAIL] metadata fetch

[02:15:50] processing reels
[02:15:52] [FAIL] metadata fetch

[02:16:03] processing reels
[02:16:04] [FAIL] metadata fetch

[02:16:15] processing reels
[02:16:17] [FAIL] metadata fetch

[02:16:28] processing reels
[02:16:29] [FAIL] metadata fetch

[02:16:40] processing reels
[02:16:42] [FAIL] metadata fetch

[02:16:53] processing reels
[02:16:54] [FAIL] metadata fetch

[02:17:05] processing reels
[02:17:07] [FAIL] metadata fetch

[02:17:17] processing reels
[02:17:19] [FAIL] metadata fetch

[02:17:30] processing reels
[02:17:32] [FAIL] metadata fetch

[02:17:42] processing reels
[02:17:44] [FAIL] metadata fetch

[02:17:54] processing reels
[02:17:56] [FAIL] metadata fetch

[02:18:07] processing reels
[02:18:09] [FAIL] metadata fetch

[02:18:19] processing reels
[02:18:21] [FAIL] metadata fetch

[02:18:32] processing reels
[02:18:33] [FAIL] metadata fetch

[02:18:44] processing reels
[02:18:45] [FAIL] metadata fetch

[02:18:56] processing reels
[02:18:58] [FAIL] metadata fetch

[02:19:09] processing reels
[02:19:11] [FAIL] metadata fetch

[02:19:22] processing reels
[02:19:23] [FAIL] metadata fetch

[02:19:34] processing reels
[02:19:35] [FAIL] metadata fetch

[02:19:46] processing reels
[02:19:48] [FAIL] metadata fetch

[02:19:58] processing reels
[02:20:00] [FAIL] metadata fetch

[02:20:11] processing reels
[02:20:12] [FAIL] metadata fetch

[02:20:23] processing reels
[02:20:25] [FAIL] metadata fetch

[02:20:36] processing reels
[02:20:38] [FAIL] metadata fetch

[02:20:49] processing reels
[02:20:50] [FAIL] metadata fetch

[02:21:01] processing reels
[02:21:03] [FAIL] metadata fetch

[02:21:13] processing reels
[02:21:15] [FAIL] metadata fetch

[02:21:25] processing reels
[02:21:27] [FAIL] metadata fetch

[02:21:38] processing reels
[02:21:40] [FAIL] metadata fetch

[02:21:50] processing reels
[02:21:52] [FAIL] metadata fetch

[02:22:03] processing reels
[02:22:05] [FAIL] metadata fetch

[02:22:16] processing reels
[02:22:17] [FAIL] metadata fetch

[02:22:28] processing reels
[02:22:30] [FAIL] metadata fetch

[02:22:40] processing reels
[02:22:42] [FAIL] metadata fetch

[02:22:53] processing reels
[02:22:54] [FAIL] metadata fetch

[02:23:05] processing reels
[02:23:07] [FAIL] metadata fetch

[02:23:18] processing reels
[02:23:20] [FAIL] metadata fetch

[02:23:31] processing reels
[02:23:33] [FAIL] metadata fetch

[02:23:44] processing reels
[02:23:46] [FAIL] metadata fetch

[02:23:56] processing reels
[02:23:58] [FAIL] metadata fetch

[02:24:09] processing reels
[02:24:10] [FAIL] metadata fetch

[02:24:21] processing reels
[02:24:23] [FAIL] metadata fetch

[02:24:34] processing reels
[02:24:36] [FAIL] metadata fetch

[02:24:47] processing reels
[02:24:48] [FAIL] metadata fetch

[02:24:59] processing reels
[02:25:01] [FAIL] metadata fetch

[02:25:11] processing reels
[02:25:13] [FAIL] metadata fetch

[02:25:24] processing reels
[02:25:26] [FAIL] metadata fetch

[02:25:36] processing reels
[02:25:38] [FAIL] metadata fetch

[02:25:49] processing reels
[02:25:50] [FAIL] metadata fetch

[02:26:00] processing reels
[02:26:02] [FAIL] metadata fetch

[02:26:13] processing reels
[02:26:14] [FAIL] metadata fetch

[02:26:25] processing reels
[02:26:26] [FAIL] metadata fetch

[02:26:37] processing reels
[02:26:39] [FAIL] metadata fetch

[02:26:49] processing reels
[02:26:51] [FAIL] metadata fetch

[02:27:02] processing reels
[02:27:04] [FAIL] metadata fetch

[02:27:14] processing reels
[02:27:17] [FAIL] metadata fetch

[02:27:27] processing reels
[02:27:29] [FAIL] metadata fetch

[02:27:40] processing reels
[02:27:42] [FAIL] metadata fetch

[02:27:52] processing reels
[02:27:54] [FAIL] metadata fetch

[02:28:05] processing reels
[02:28:06] [FAIL] metadata fetch

[02:28:17] processing reels
[02:28:19] [FAIL] metadata fetch

[02:28:30] processing reels
[02:28:31] [FAIL] metadata fetch

[02:28:42] processing reels
[02:28:44] [FAIL] metadata fetch

[02:28:54] processing reels
[02:28:57] [FAIL] metadata fetch

[02:29:07] processing reels
[02:29:09] [FAIL] metadata fetch

[02:29:20] processing reels
[02:29:22] [FAIL] metadata fetch

[02:29:32] processing reels
[02:29:34] [FAIL] metadata fetch

[02:29:45] processing reels
[02:29:46] [FAIL] metadata fetch

[02:29:57] processing reels
[02:29:59] [FAIL] metadata fetch

[02:30:10] processing reels
[02:30:12] [FAIL] metadata fetch

[02:30:23] processing reels
[02:30:24] [FAIL] metadata fetch

[02:30:35] processing reels
[02:30:37] [FAIL] metadata fetch

[02:30:48] processing reels
[02:30:50] [FAIL] metadata fetch

[02:31:01] processing reels
[02:31:03] [FAIL] metadata fetch

[02:31:13] processing reels
[02:31:15] [FAIL] metadata fetch

[02:31:26] processing reels
[02:31:27] [FAIL] metadata fetch

[02:31:38] processing reels
[02:31:39] [FAIL] metadata fetch

[02:31:50] processing reels
[02:31:51] [FAIL] metadata fetch

[02:32:02] processing reels
[02:32:04] [FAIL] metadata fetch

[02:32:15] processing reels
[02:32:16] [FAIL] metadata fetch

[02:32:27] processing reels
[02:32:28] [FAIL] metadata fetch

[02:32:39] processing reels
[02:32:41] [FAIL] metadata fetch

[02:32:52] processing reels
[02:32:54] [FAIL] metadata fetch

[02:33:05] processing reels
[02:33:06] [FAIL] metadata fetch

[02:33:17] processing reels
[02:33:18] [FAIL] metadata fetch

[02:33:29] processing reels
[02:33:31] [FAIL] metadata fetch

[02:33:42] processing reels
[02:33:43] [FAIL] metadata fetch

[02:33:54] processing reels
[02:33:56] [FAIL] metadata fetch

[02:34:07] processing reels
[02:34:08] [FAIL] metadata fetch

[02:34:19] processing reels
[02:34:21] [FAIL] metadata fetch

[02:34:31] processing reels
[02:34:34] [FAIL] metadata fetch

[02:34:45] processing reels
[02:34:47] [FAIL] metadata fetch

[02:34:58] processing reels
[02:34:59] [FAIL] metadata fetch

[02:35:10] processing reels
[02:35:12] [FAIL] metadata fetch

[02:35:23] processing reels
[02:35:25] [FAIL] metadata fetch

[02:35:36] processing reels
[02:35:38] [FAIL] metadata fetch

[02:35:49] processing reels
[02:35:51] [FAIL] metadata fetch

[02:36:02] processing reels
[02:36:04] [FAIL] metadata fetch

[02:36:15] processing reels
[02:36:16] [FAIL] metadata fetch

[02:36:27] processing reels
[02:36:28] [FAIL] metadata fetch

[02:36:39] processing reels
[02:36:41] [FAIL] metadata fetch

[02:36:51] processing reels
[02:36:53] [FAIL] metadata fetch

[02:37:04] processing reels
[02:37:05] [FAIL] metadata fetch

[02:37:16] processing reels
[02:37:17] [FAIL] metadata fetch

[02:37:28] processing reels
[02:37:30] [FAIL] metadata fetch

[02:37:41] processing reels
[02:37:43] [FAIL] metadata fetch

[02:37:54] processing reels
[02:37:56] [FAIL] metadata fetch

[02:38:07] processing reels
[02:38:11] [FAIL] metadata fetch

[02:38:22] processing reels
[02:38:24] [FAIL] metadata fetch

[02:38:35] processing reels
[02:38:37] [FAIL] metadata fetch

[02:38:47] processing reels
[02:38:49] [FAIL] metadata fetch

[02:39:00] processing reels
[02:39:02] [FAIL] metadata fetch

[02:39:12] processing reels
[02:39:14] [FAIL] metadata fetch

[02:39:25] processing reels
[02:39:26] [FAIL] metadata fetch

[02:39:37] processing reels
[02:39:39] [FAIL] metadata fetch

[02:39:50] processing reels
[02:39:51] [FAIL] metadata fetch

[02:40:02] processing reels
[02:40:05] [FAIL] metadata fetch

[02:40:16] processing reels
[02:40:18] [FAIL] metadata fetch

[02:40:29] processing reels
[02:40:31] [FAIL] metadata fetch

[02:40:42] processing reels
[02:40:44] [FAIL] metadata fetch

[02:40:55] processing reels
[02:40:56] [FAIL] metadata fetch

[02:41:07] processing reels
[02:41:09] [FAIL] metadata fetch

[02:41:19] processing reels
[02:41:22] [FAIL] metadata fetch

[02:41:33] processing reels
[02:41:34] [FAIL] metadata fetch

[02:41:45] processing reels
[02:41:47] [FAIL] metadata fetch

[02:41:58] processing reels
[02:42:00] [FAIL] metadata fetch

[02:42:11] processing reels
[02:42:13] [FAIL] metadata fetch

[02:42:23] processing reels
[02:42:25] [FAIL] metadata fetch

[02:42:36] processing reels
[02:42:38] [FAIL] metadata fetch

[02:42:48] processing reels
[02:42:50] [FAIL] metadata fetch

[02:43:01] processing reels
[02:43:03] [FAIL] metadata fetch

[02:43:13] processing reels
[02:43:15] [FAIL] metadata fetch

[02:43:26] processing reels
[02:43:27] [FAIL] metadata fetch

[02:43:38] processing reels
[02:43:39] [FAIL] metadata fetch

[02:43:51] processing reels
[02:43:52] [FAIL] metadata fetch

[02:44:03] processing reels
[02:44:05] [FAIL] metadata fetch

[02:44:16] processing reels
[02:44:18] [FAIL] metadata fetch

[02:44:29] processing reels
[02:44:31] [FAIL] metadata fetch

[02:44:42] processing reels
[02:44:45] [FAIL] metadata fetch

[02:44:56] processing reels
[02:44:58] [FAIL] metadata fetch

[02:45:08] processing reels
[02:45:10] [FAIL] metadata fetch

[02:45:21] processing reels
[02:45:22] [FAIL] metadata fetch

[02:45:33] processing reels
[02:45:35] [FAIL] metadata fetch

[02:45:46] processing reels
[02:45:48] [FAIL] metadata fetch

[02:45:58] processing reels
[02:46:00] [FAIL] metadata fetch

[02:46:11] processing reels
[02:46:12] [FAIL] metadata fetch

[02:46:23] processing reels
[02:46:25] [FAIL] metadata fetch

[02:46:36] processing reels
[02:46:38] [FAIL] metadata fetch

[02:46:49] processing reels
[02:46:51] [FAIL] metadata fetch

[02:47:02] processing reels
[02:47:04] [FAIL] metadata fetch

[02:47:14] processing reels
[02:47:16] [FAIL] metadata fetch

[02:47:27] processing reels
[02:47:28] [FAIL] metadata fetch

[02:47:39] processing reels
[02:47:40] [FAIL] metadata fetch

[02:47:51] processing reels
[02:47:52] [FAIL] metadata fetch

[02:48:03] processing reels
[02:48:05] [FAIL] metadata fetch

[02:48:16] processing reels
[02:48:17] [FAIL] metadata fetch

[02:48:28] processing reels
[02:48:30] [FAIL] metadata fetch

[02:48:41] processing reels
[02:48:42] [FAIL] metadata fetch

[02:48:53] processing reels
[02:48:55] [FAIL] metadata fetch

[02:49:06] processing reels
[02:49:09] [FAIL] metadata fetch

[02:49:20] processing reels
[02:49:22] [FAIL] metadata fetch

[02:49:33] processing reels
[02:49:50] [FAIL] metadata fetch

[02:50:00] processing reels
[02:50:02] [FAIL] metadata fetch

[02:50:13] processing reels
[02:50:16] [FAIL] metadata fetch

[02:50:26] processing reels
[02:50:29] [FAIL] metadata fetch

[02:50:40] processing reels
[02:50:41] [FAIL] metadata fetch

[02:50:52] processing reels
[02:50:54] [FAIL] metadata fetch

[02:51:05] processing reels
[02:51:07] [FAIL] metadata fetch

[02:51:17] processing reels
[02:51:19] [FAIL] metadata fetch

[02:51:30] processing reels
[02:51:32] [FAIL] metadata fetch

[02:51:42] processing reels
[02:51:44] [FAIL] metadata fetch

[02:51:55] processing reels
[02:51:56] [FAIL] metadata fetch

[02:52:07] processing reels
[02:52:09] [FAIL] metadata fetch

[02:52:19] processing reels
[02:52:22] [FAIL] metadata fetch

[02:52:33] processing reels
[02:52:35] [FAIL] metadata fetch

[02:52:46] processing reels
[02:52:48] [FAIL] metadata fetch

[02:52:59] processing reels
[02:53:00] [FAIL] metadata fetch

[02:53:11] processing reels
[02:53:14] [FAIL] metadata fetch

[02:53:25] processing reels
[02:53:26] [FAIL] metadata fetch

[02:53:37] processing reels
[02:53:39] [FAIL] metadata fetch

[02:53:50] processing reels
[02:53:51] [FAIL] metadata fetch

[02:54:02] processing reels
[02:54:03] [FAIL] metadata fetch

[02:54:14] processing reels
[02:54:16] [FAIL] metadata fetch

[02:54:27] processing reels
[02:54:29] [FAIL] metadata fetch

[02:54:39] processing reels
[02:54:41] [FAIL] metadata fetch

[02:54:51] processing reels
[02:54:53] [FAIL] metadata fetch

[02:55:04] processing reels
[02:55:06] [FAIL] metadata fetch

[02:55:17] processing reels
[02:55:19] [FAIL] metadata fetch

[02:55:29] processing reels
[02:55:32] [FAIL] metadata fetch

[02:55:43] processing reels
[02:55:45] [FAIL] metadata fetch

[02:55:56] processing reels
[02:55:57] [FAIL] metadata fetch

[02:56:08] processing reels
[02:56:10] [FAIL] metadata fetch

[02:56:20] processing reels
[02:56:22] [FAIL] metadata fetch

[02:56:33] processing reels
[02:56:35] [FAIL] metadata fetch

[02:56:45] processing reels
[02:56:47] [FAIL] metadata fetch

[02:56:58] processing reels
[02:57:00] [FAIL] metadata fetch

[02:57:11] processing reels
[02:57:13] [FAIL] metadata fetch

[02:57:23] processing reels
[02:57:28] [FAIL] metadata fetch

[02:57:39] processing reels
[02:57:41] [FAIL] metadata fetch

[02:57:52] processing reels
[02:57:53] [FAIL] metadata fetch

[02:58:04] processing reels
[02:58:06] [FAIL] metadata fetch

[02:58:17] processing reels
[02:58:18] [FAIL] metadata fetch

[02:58:29] processing reels
[02:58:31] [FAIL] metadata fetch

[02:58:41] processing reels
[02:58:43] [FAIL] metadata fetch

[02:58:53] processing reels
[02:58:55] [FAIL] metadata fetch

[02:59:06] processing reels
[02:59:08] [FAIL] metadata fetch

[02:59:19] processing reels
[02:59:20] [FAIL] metadata fetch

[02:59:31] processing reels
[02:59:33] [FAIL] metadata fetch

[02:59:44] processing reels
[02:59:45] [FAIL] metadata fetch

[02:59:56] processing reels
[02:59:58] [FAIL] metadata fetch

[03:00:08] processing reels
[03:00:11] [FAIL] metadata fetch

[03:00:22] processing reels
[03:00:24] [FAIL] metadata fetch

[03:00:35] processing reels
[03:00:37] [FAIL] metadata fetch

[03:00:47] processing reels
[03:00:49] [FAIL] metadata fetch

[03:01:00] processing reels
[03:01:02] [FAIL] metadata fetch

[03:01:13] processing reels
[03:01:15] [FAIL] metadata fetch

[03:01:26] processing reels
[03:01:28] [FAIL] metadata fetch

[03:01:39] processing reels
[03:01:41] [FAIL] metadata fetch

[03:01:52] processing reels
[03:01:54] [FAIL] metadata fetch

[03:02:05] processing reels
[03:02:10] [FAIL] metadata fetch

[03:02:20] processing reels
[03:02:22] [FAIL] metadata fetch

[03:02:33] processing reels
[03:02:34] [FAIL] metadata fetch

[03:02:45] processing reels
[03:02:46] [FAIL] metadata fetch

[03:02:57] processing reels
[03:03:01] [FAIL] metadata fetch

[03:03:12] processing reels
[03:03:13] [FAIL] metadata fetch

[03:03:24] processing reels
[03:03:26] [FAIL] metadata fetch

[03:03:37] processing reels
[03:03:39] [FAIL] metadata fetch

[03:03:50] processing reels
[03:03:52] [FAIL] metadata fetch

[03:04:03] processing reels
[03:04:06] [FAIL] metadata fetch

[03:04:16] processing reels
[03:04:18] [FAIL] metadata fetch

[03:04:29] processing reels
[03:04:31] [FAIL] metadata fetch

[03:04:41] processing reels
[03:04:44] [FAIL] metadata fetch

[03:04:54] processing reels
[03:04:56] [FAIL] metadata fetch

[03:05:07] processing reels
[03:05:09] [FAIL] metadata fetch

[03:05:19] processing reels
[03:05:21] [FAIL] metadata fetch

[03:05:32] processing reels
[03:05:34] [FAIL] metadata fetch

[03:05:44] processing reels
[03:05:46] [FAIL] metadata fetch

[03:05:57] processing reels
[03:06:00] [FAIL] metadata fetch

[03:06:11] processing reels
[03:06:12] [FAIL] metadata fetch

[03:06:23] processing reels
[03:06:25] [FAIL] metadata fetch

[03:06:36] processing reels
[03:06:38] [FAIL] metadata fetch

[03:06:49] processing reels
[03:06:50] [FAIL] metadata fetch

[03:07:01] processing reels
[03:07:03] [FAIL] metadata fetch

[03:07:14] processing reels
[03:07:15] [FAIL] metadata fetch

[03:07:26] processing reels
[03:07:27] [FAIL] metadata fetch

[03:07:38] processing reels
[03:07:39] [FAIL] metadata fetch

[03:07:50] processing reels
[03:07:52] [FAIL] metadata fetch

[03:08:02] processing reels
[03:08:05] [FAIL] metadata fetch

[03:08:16] processing reels
[03:08:18] [FAIL] metadata fetch

[03:08:29] processing reels
[03:08:30] [FAIL] metadata fetch

[03:08:41] processing reels
[03:08:43] [FAIL] metadata fetch

[03:08:53] processing reels
[03:08:56] [FAIL] metadata fetch

[03:09:07] processing reels
[03:09:08] [FAIL] metadata fetch

[03:09:19] processing reels
[03:09:20] [FAIL] metadata fetch

[03:09:31] processing reels
[03:09:33] [FAIL] metadata fetch

[03:09:44] processing reels
[03:09:45] [FAIL] metadata fetch

[03:09:56] processing reels
[03:09:58] [FAIL] metadata fetch

[03:10:08] processing reels
[03:10:10] [FAIL] metadata fetch

[03:10:21] processing reels
[03:10:23] [FAIL] metadata fetch

[03:10:33] processing reels
[03:10:35] [FAIL] metadata fetch

[03:10:46] processing reels
[03:10:47] [FAIL] metadata fetch

[03:10:58] processing reels
[03:10:59] [FAIL] metadata fetch

[03:11:10] processing reels
[03:11:13] [FAIL] metadata fetch

[03:11:23] processing reels
[03:11:25] [FAIL] metadata fetch

[03:11:36] processing reels
[03:11:38] [FAIL] metadata fetch

[03:11:48] processing reels
[03:11:50] [FAIL] metadata fetch

[03:12:01] processing reels
[03:12:02] [FAIL] metadata fetch

[03:12:13] processing reels
[03:12:15] [FAIL] metadata fetch

[03:12:26] processing reels
[03:12:28] [FAIL] metadata fetch

[03:12:39] processing reels
[03:12:41] [FAIL] metadata fetch

[03:12:52] processing reels
[03:12:54] [FAIL] metadata fetch

[03:13:05] processing reels
[03:13:06] [FAIL] metadata fetch

[03:13:17] processing reels
[03:13:19] [FAIL] metadata fetch

[03:13:30] processing reels
[03:13:32] [FAIL] metadata fetch

[03:13:43] processing reels
[03:13:45] [FAIL] metadata fetch

[03:13:55] processing reels
[03:13:57] [FAIL] metadata fetch

[03:14:08] processing reels
[03:14:11] [FAIL] metadata fetch

[03:14:22] processing reels
[03:14:24] [FAIL] metadata fetch

[03:14:34] processing reels
[03:14:37] [FAIL] metadata fetch

[03:14:47] processing reels
[03:14:49] [FAIL] metadata fetch

[03:15:00] processing reels
[03:15:02] [FAIL] metadata fetch

[03:15:13] processing reels
[03:15:14] [FAIL] metadata fetch

[03:15:25] processing reels
[03:15:27] [FAIL] metadata fetch

[03:15:38] processing reels
[03:15:39] [FAIL] metadata fetch

[03:15:50] processing reels
[03:15:52] [FAIL] metadata fetch

[03:16:03] processing reels
[03:16:05] [FAIL] metadata fetch

[03:16:16] processing reels
[03:16:17] [FAIL] metadata fetch

[03:16:28] processing reels
[03:16:30] [FAIL] metadata fetch

[03:16:41] processing reels
[03:16:43] [FAIL] metadata fetch

[03:16:54] processing reels
[03:16:55] [FAIL] metadata fetch

[03:17:06] processing reels
[03:17:08] [FAIL] metadata fetch

[03:17:19] processing reels
[03:17:21] [FAIL] metadata fetch

[03:17:32] processing reels
[03:17:34] [FAIL] metadata fetch

[03:17:44] processing reels
[03:17:46] [FAIL] metadata fetch

[03:17:57] processing reels
[03:17:58] [FAIL] metadata fetch

[03:18:09] processing reels
[03:18:10] [FAIL] metadata fetch

[03:18:21] processing reels
[03:18:23] [FAIL] metadata fetch

[03:18:33] processing reels
[03:18:35] [FAIL] metadata fetch

[03:18:46] processing reels
[03:18:48] [FAIL] metadata fetch

[03:18:58] processing reels
[03:19:01] [FAIL] metadata fetch

[03:19:12] processing reels
[03:19:14] [FAIL] metadata fetch

[03:19:24] processing reels
[03:19:26] [FAIL] metadata fetch

[03:19:37] processing reels
[03:19:39] [FAIL] metadata fetch

[03:19:50] processing reels
[03:19:51] [FAIL] metadata fetch

[03:20:02] processing reels
[03:20:04] [FAIL] metadata fetch

[03:20:15] processing reels
[03:20:17] [FAIL] metadata fetch

[03:20:28] processing reels
[03:20:30] [FAIL] metadata fetch

[03:20:41] processing reels
[03:20:43] [FAIL] metadata fetch

[03:20:53] processing reels
[03:20:55] [FAIL] metadata fetch

[03:21:06] processing reels
[03:21:08] [FAIL] metadata fetch

[03:21:19] processing reels
[03:21:20] [FAIL] metadata fetch

[03:21:31] processing reels
[03:21:33] [FAIL] metadata fetch

[03:21:43] processing reels
[03:21:45] [FAIL] metadata fetch

[03:21:56] processing reels
[03:21:59] [FAIL] metadata fetch

[03:22:10] processing reels
[03:22:11] [FAIL] metadata fetch

[03:22:22] processing reels
[03:22:23] [FAIL] metadata fetch

[03:22:34] processing reels
[03:22:37] [FAIL] metadata fetch

[03:22:47] processing reels
[03:22:50] [FAIL] metadata fetch

[03:23:00] processing reels
[03:23:02] [FAIL] metadata fetch

[03:23:13] processing reels
[03:23:16] [FAIL] metadata fetch

[03:23:27] processing reels
[03:23:29] [FAIL] metadata fetch

[03:23:40] processing reels
[03:23:41] [FAIL] metadata fetch

[03:23:52] processing reels
[03:23:53] [FAIL] metadata fetch

[03:24:04] processing reels
[03:24:06] [FAIL] metadata fetch

[03:24:17] processing reels
[03:24:19] [FAIL] metadata fetch

[03:24:30] processing reels
[03:24:31] [FAIL] metadata fetch

[03:24:42] processing reels
[03:24:44] [FAIL] metadata fetch

[03:24:55] processing reels
[03:24:56] [FAIL] metadata fetch

[03:25:07] processing reels
[03:25:08] [FAIL] metadata fetch

[03:25:19] processing reels
[03:25:21] [FAIL] metadata fetch

[03:25:32] processing reels
[03:25:35] [FAIL] metadata fetch

[03:25:46] processing reels
[03:25:47] [FAIL] metadata fetch

[03:25:58] processing reels
[03:26:00] [FAIL] metadata fetch

[03:26:11] processing reels
[03:26:13] [FAIL] metadata fetch

[03:26:24] processing reels
[03:26:26] [FAIL] metadata fetch

[03:26:37] processing reels
[03:26:39] [FAIL] metadata fetch

[03:26:50] processing reels
[03:26:52] [FAIL] metadata fetch

[03:27:03] processing reels
[03:27:05] [FAIL] metadata fetch

[03:27:16] processing reels
[03:27:19] [FAIL] metadata fetch

[03:27:29] processing reels
[03:27:31] [FAIL] metadata fetch

[03:27:42] processing reels
[03:27:44] [FAIL] metadata fetch

[03:27:55] processing reels
[03:27:57] [FAIL] metadata fetch

[03:28:07] processing reels
[03:28:09] [FAIL] metadata fetch

[03:28:20] processing reels
[03:28:22] [FAIL] metadata fetch

[03:28:33] processing reels
[03:28:34] [FAIL] metadata fetch

[03:28:45] processing reels
[03:28:47] [FAIL] metadata fetch

[03:28:58] processing reels
[03:29:01] [FAIL] metadata fetch

[03:29:11] processing reels
[03:29:13] [FAIL] metadata fetch

[03:29:24] processing reels
[03:29:25] [FAIL] metadata fetch

[03:29:36] processing reels
[03:29:39] [FAIL] metadata fetch

[03:29:50] processing reels
[03:29:51] [FAIL] metadata fetch

[03:30:02] processing reels
[03:30:03] [FAIL] metadata fetch

[03:30:14] processing reels
[03:30:16] [FAIL] metadata fetch

[03:30:26] processing reels
[03:30:28] [FAIL] metadata fetch

[03:30:39] processing reels
[03:30:41] [FAIL] metadata fetch

[03:30:52] processing reels
[03:30:53] [FAIL] metadata fetch

[03:31:04] processing reels
[03:31:06] [FAIL] metadata fetch

[03:31:17] processing reels
[03:31:18] [FAIL] metadata fetch

[03:31:30] processing reels
[03:31:31] [FAIL] metadata fetch

[03:31:43] processing reels
[03:31:45] [FAIL] metadata fetch

[03:31:56] processing reels
[03:31:57] [FAIL] metadata fetch

[03:32:08] processing reels
[03:32:11] [FAIL] metadata fetch

[03:32:22] processing reels
[03:32:24] [FAIL] metadata fetch

[03:32:35] processing reels
[03:32:37] [FAIL] metadata fetch

[03:32:48] processing reels
[03:32:50] [FAIL] metadata fetch

[03:33:01] processing reels
[03:33:02] [FAIL] metadata fetch

[03:33:13] processing reels
[03:33:15] [FAIL] metadata fetch

[03:33:25] processing reels
[03:33:28] [FAIL] metadata fetch

[03:33:38] processing reels
[03:33:41] [FAIL] metadata fetch

[03:33:52] processing reels
[03:33:54] [FAIL] metadata fetch

[03:34:05] processing reels
[03:34:07] [FAIL] metadata fetch

[03:34:18] processing reels
[03:34:20] [FAIL] metadata fetch

[03:34:31] processing reels
[03:34:33] [FAIL] metadata fetch

[03:34:45] processing reels
[03:34:47] [FAIL] metadata fetch

[03:34:58] processing reels
[03:35:00] [FAIL] metadata fetch

[03:35:11] processing reels
[03:35:13] [FAIL] metadata fetch

[03:35:24] processing reels
[03:35:26] [FAIL] metadata fetch

[03:35:36] processing reels
[03:35:38] [FAIL] metadata fetch

[03:35:49] processing reels
[03:35:51] [FAIL] metadata fetch

[03:36:01] processing reels
[03:36:03] [FAIL] metadata fetch

[03:36:14] processing reels
[03:36:15] [FAIL] metadata fetch

[03:36:26] processing reels
[03:36:28] [FAIL] metadata fetch

[03:36:39] processing reels
[03:36:40] [FAIL] metadata fetch

[03:36:51] processing reels
[03:36:52] [FAIL] metadata fetch

[03:37:04] processing reels
[03:37:05] [FAIL] metadata fetch

[03:37:16] processing reels
[03:37:18] [FAIL] metadata fetch

[03:37:29] processing reels
[03:37:30] [FAIL] metadata fetch

[03:37:41] processing reels
[03:37:43] [FAIL] metadata fetch

[03:37:53] processing reels
[03:37:55] [FAIL] metadata fetch

[03:38:06] processing reels
[03:38:08] [FAIL] metadata fetch

[03:38:19] processing reels
[03:38:20] [FAIL] metadata fetch

[03:38:31] processing reels
[03:38:32] [FAIL] metadata fetch

[03:38:43] processing reels
[03:38:45] [FAIL] metadata fetch

[03:38:56] processing reels
[03:38:58] [FAIL] metadata fetch

[03:39:09] processing reels
[03:39:10] [FAIL] metadata fetch

[03:39:21] processing reels
[03:39:23] [FAIL] metadata fetch

[03:39:33] processing reels
[03:39:35] [FAIL] metadata fetch

[03:39:46] processing reels
[03:39:48] [FAIL] metadata fetch

[03:39:59] processing reels
[03:40:01] [FAIL] metadata fetch

[03:40:11] processing reels
[03:40:13] [FAIL] metadata fetch

[03:40:24] processing reels
[03:40:26] [FAIL] metadata fetch

[03:40:37] processing reels
[03:40:39] [FAIL] metadata fetch

[03:40:50] processing reels
[03:40:51] [FAIL] metadata fetch

[03:41:02] processing reels
[03:41:04] [FAIL] metadata fetch

[03:41:15] processing reels
[03:41:16] [FAIL] metadata fetch

[03:41:27] processing reels
[03:41:29] [FAIL] metadata fetch

[03:41:40] processing reels
[03:41:42] [FAIL] metadata fetch

[03:41:53] processing reels
[03:41:55] [FAIL] metadata fetch

[03:42:06] processing reels
[03:42:08] [FAIL] metadata fetch

[03:42:18] processing reels
[03:42:20] [FAIL] metadata fetch

[03:42:31] processing reels
[03:42:33] [FAIL] metadata fetch

[03:42:44] processing reels
[03:42:45] [FAIL] metadata fetch

[03:42:56] processing reels
[03:42:58] [FAIL] metadata fetch

[03:43:10] processing reels
[03:43:14] [FAIL] metadata fetch

[03:43:24] processing reels
[03:43:26] [FAIL] metadata fetch

[03:43:37] processing reels
[03:43:39] [FAIL] metadata fetch

[03:43:50] processing reels
[03:43:52] [FAIL] metadata fetch

[03:44:03] processing reels
[03:44:05] [FAIL] metadata fetch

[03:44:16] processing reels
[03:44:17] [FAIL] metadata fetch

[03:44:28] processing reels
[03:44:30] [FAIL] metadata fetch

[03:44:41] processing reels
[03:44:43] [FAIL] metadata fetch

[03:44:54] processing reels
[03:44:56] [FAIL] metadata fetch

[03:45:07] processing reels
[03:45:08] [FAIL] metadata fetch

[03:45:19] processing reels
[03:45:22] [FAIL] metadata fetch

[03:45:33] processing reels
[03:45:35] [FAIL] metadata fetch

[03:45:46] processing reels
[03:45:47] [FAIL] metadata fetch

[03:45:59] processing reels
[03:46:00] [FAIL] metadata fetch

[03:46:11] processing reels
[03:46:13] [FAIL] metadata fetch

[03:46:24] processing reels
[03:46:27] [FAIL] metadata fetch

[03:46:38] processing reels
[03:46:40] [FAIL] metadata fetch

[03:46:51] processing reels
[03:46:52] [FAIL] metadata fetch

[03:47:03] processing reels
[03:47:05] [FAIL] metadata fetch

[03:47:16] processing reels
[03:47:18] [FAIL] metadata fetch

[03:47:29] processing reels
[03:47:31] [FAIL] metadata fetch

[03:47:42] processing reels
[03:47:44] [FAIL] metadata fetch

[03:47:55] processing reels
[03:47:57] [FAIL] metadata fetch

[03:48:08] processing reels
[03:48:10] [FAIL] metadata fetch

[03:48:22] processing reels
[03:48:24] [FAIL] metadata fetch

[03:48:35] processing reels
[03:48:37] [FAIL] metadata fetch

[03:48:48] processing reels
[03:48:50] [FAIL] metadata fetch

[03:49:01] processing reels
[03:49:02] [FAIL] metadata fetch

[03:49:13] processing reels
[03:49:16] [FAIL] metadata fetch

[03:49:27] processing reels
[03:49:28] [FAIL] metadata fetch

[03:49:39] processing reels
[03:49:41] [FAIL] metadata fetch

[03:49:51] processing reels
[03:49:53] [FAIL] metadata fetch

[03:50:04] processing reels
[03:50:06] [FAIL] metadata fetch

[03:50:16] processing reels
[03:50:18] [FAIL] metadata fetch

[03:50:29] processing reels
[03:50:31] [FAIL] metadata fetch

[03:50:42] processing reels
[03:50:43] [FAIL] metadata fetch

[03:50:54] processing reels
[03:50:56] [FAIL] metadata fetch

[03:51:07] processing reels
[03:51:09] [FAIL] metadata fetch

[03:51:20] processing reels
[03:51:22] [FAIL] metadata fetch

[03:51:33] processing reels
[03:51:35] [FAIL] metadata fetch

[03:51:46] processing reels
[03:51:47] [FAIL] metadata fetch

[03:51:58] processing reels
[03:52:00] [FAIL] metadata fetch

[03:52:11] processing reels
[03:52:12] [FAIL] metadata fetch

[16:39:24] processing DUc4okXlDvl
[16:41:10] [done] DUc4okXlDvl in 106s

[04:13:25] processing fb_969717212232529
[04:15:12] [done] fb_969717212232529 in 107s

[14:15:08] processing fb_962924259485572
[14:15:20] [error] fb_962924259485572 in 12s

[14:15:21] processing fb_962924259485572
[14:15:33] [error] fb_962924259485572 in 12s

[14:15:34] processing fb_962924259485572
[14:15:47] [error] fb_962924259485572 in 12s

[14:15:47] processing fb_962924259485572
[14:16:00] [error] fb_962924259485572 in 12s

[14:16:00] processing fb_962924259485572
[14:16:12] [error] fb_962924259485572 in 11s

[14:16:12] processing fb_962924259485572
[14:16:24] [error] fb_962924259485572 in 11s

[14:16:25] processing fb_962924259485572
[14:17:56] [done] fb_962924259485572 in 90s

[14:58:06] processing DSHPniIkuMx
Gemini call error: 'candidates'
[14:59:20] [done] DSHPniIkuMx in 73s
[05:51:51] [ERR] Expecting value: line 1 column 1 (char 0)
Traceback (most recent call last):
  File "C:\Users\PC\AppData\Roaming\Python\Python314\site-packages\requests\models.py", line 978, in json
    return complexjson.loads(self.text, **kwargs)
           ~~~~~~~~~~~~~~~~~^^^^^^^^^^^^^^^^^^^^^
  File "C:\Python314\Lib\json\__init__.py", line 352, in loads
    return _default_decoder.decode(s)
           ~~~~~~~~~~~~~~~~~~~~~~~^^^
  File "C:\Python314\Lib\json\decoder.py", line 345, in decode
    obj, end = self.raw_decode(s, idx=_w(s, 0).end())
               ~~~~~~~~~~~~~~~^^^^^^^^^^^^^^^^^^^^^^^
  File "C:\Python314\Lib\json\decoder.py", line 363, in raw_decode
    raise JSONDecodeError("Expecting value", s, err.value) from None
json.decoder.JSONDecodeError: Expecting value: line 1 column 1 (char 0)

During handling of the above exception, another exception occurred:

Traceback (most recent call last):
  File "C:\Users\PC\Desktop\클코\인스타 채널 정리\auto_worker.py", line 41, in main
    pending = get_unanalyzed(1)
  File "C:\Users\PC\Desktop\클코\인스타 채널 정리\auto_analyze.py", line 48, in get_unanalyzed
    offset += page_size
    
  File "C:\Users\PC\AppData\Roaming\Python\Python314\site-packages\requests\models.py", line 982, in json
    raise RequestsJSONDecodeError(e.msg, e.doc, e.pos)
requests.exceptions.JSONDecodeError: Expecting value: line 1 column 1 (char 0)

[11:59:53] processing DSSR8rEk0b6
[12:01:44] [done] DSSR8rEk0b6 in 110s

[16:43:26] processing 3K7dTgd-2Hw
[16:43:28] [FAIL] metadata fetch

[16:43:39] processing 3K7dTgd-2Hw
[16:43:41] [FAIL] metadata fetch

[16:43:52] processing 3K7dTgd-2Hw
[16:43:53] [FAIL] metadata fetch

[16:44:04] processing 3K7dTgd-2Hw
[16:44:06] [FAIL] metadata fetch

[16:44:17] processing 3K7dTgd-2Hw
[16:44:18] [FAIL] metadata fetch

[16:44:29] processing 3K7dTgd-2Hw
[16:44:50] [FAIL] metadata fetch

[16:45:01] processing 3K7dTgd-2Hw
[16:45:02] [FAIL] metadata fetch

[16:45:13] processing 3K7dTgd-2Hw
[16:45:15] [FAIL] metadata fetch

[16:45:26] processing 3K7dTgd-2Hw
[16:45:29] [FAIL] metadata fetch

[16:45:39] processing 3K7dTgd-2Hw
[16:45:42] [FAIL] metadata fetch

[16:45:53] processing 3K7dTgd-2Hw
[16:45:55] [FAIL] metadata fetch

[16:46:05] processing 3K7dTgd-2Hw
[16:46:07] [FAIL] metadata fetch

[16:46:18] processing 3K7dTgd-2Hw
[16:46:20] [FAIL] metadata fetch

[16:46:31] processing 3K7dTgd-2Hw
[16:46:32] [FAIL] metadata fetch

[16:46:43] processing 3K7dTgd-2Hw
[16:46:45] [FAIL] metadata fetch

[16:46:56] processing 3K7dTgd-2Hw
[16:46:58] [FAIL] metadata fetch

[16:47:09] processing 3K7dTgd-2Hw
[16:47:10] [FAIL] metadata fetch

[16:47:21] processing 3K7dTgd-2Hw
[16:47:23] [FAIL] metadata fetch

[16:47:33] processing 3K7dTgd-2Hw
[16:47:35] [FAIL] metadata fetch

[16:47:45] processing 3K7dTgd-2Hw
[16:47:47] [FAIL] metadata fetch

[16:47:58] processing 3K7dTgd-2Hw
[16:48:00] [FAIL] metadata fetch

[16:48:11] processing 3K7dTgd-2Hw
[16:48:12] [FAIL] metadata fetch

[16:48:23] processing 3K7dTgd-2Hw
[16:48:25] [FAIL] metadata fetch

[16:48:35] processing 3K7dTgd-2Hw
[16:48:37] [FAIL] metadata fetch

[16:48:48] processing 3K7dTgd-2Hw
[16:48:50] [FAIL] metadata fetch

[16:49:00] processing 3K7dTgd-2Hw
[16:49:02] [FAIL] metadata fetch

[16:49:13] processing 3K7dTgd-2Hw
[16:49:14] [FAIL] metadata fetch

[16:49:25] processing 3K7dTgd-2Hw
[16:49:27] [FAIL] metadata fetch

[16:49:38] processing 3K7dTgd-2Hw
[16:49:39] [FAIL] metadata fetch

[16:49:50] processing 3K7dTgd-2Hw
[16:49:52] [FAIL] metadata fetch

[16:50:03] processing 3K7dTgd-2Hw
[16:50:04] [FAIL] metadata fetch

[16:50:15] processing 3K7dTgd-2Hw
[16:50:16] [FAIL] metadata fetch

[16:50:27] processing 3K7dTgd-2Hw
[16:50:28] [FAIL] metadata fetch

[16:50:39] processing 3K7dTgd-2Hw
[16:50:41] [FAIL] metadata fetch

[16:50:52] processing 3K7dTgd-2Hw
[16:50:53] [FAIL] metadata fetch

[16:51:04] processing 3K7dTgd-2Hw
[16:51:06] [FAIL] metadata fetch

[16:51:17] processing 3K7dTgd-2Hw
[16:51:18] [FAIL] metadata fetch

[16:51:29] processing 3K7dTgd-2Hw
[16:51:31] [FAIL] metadata fetch

[16:51:41] processing 3K7dTgd-2Hw
[16:51:43] [FAIL] metadata fetch

[16:51:53] processing 3K7dTgd-2Hw
[16:51:57] [FAIL] metadata fetch

[16:52:08] processing 3K7dTgd-2Hw
[16:52:10] [FAIL] metadata fetch

[16:52:20] processing 3K7dTgd-2Hw
[16:52:22] [FAIL] metadata fetch

[16:52:33] processing 3K7dTgd-2Hw
[16:52:34] [FAIL] metadata fetch

[16:52:45] processing 3K7dTgd-2Hw
[16:52:47] [FAIL] metadata fetch

[16:52:57] processing 3K7dTgd-2Hw
[16:52:59] [FAIL] metadata fetch

[16:53:10] processing 3K7dTgd-2Hw
[16:53:12] [FAIL] metadata fetch

[16:53:22] processing 3K7dTgd-2Hw
[16:53:24] [FAIL] metadata fetch

[16:53:35] processing 3K7dTgd-2Hw
[16:53:36] [FAIL] metadata fetch

[16:53:47] processing 3K7dTgd-2Hw
[16:53:48] [FAIL] metadata fetch

[16:53:59] processing 3K7dTgd-2Hw
[16:54:00] [FAIL] metadata fetch

[16:54:11] processing 3K7dTgd-2Hw
[16:54:13] [FAIL] metadata fetch

[16:54:24] processing 3K7dTgd-2Hw
[16:54:25] [FAIL] metadata fetch

[16:54:36] processing 3K7dTgd-2Hw
[16:54:38] [FAIL] metadata fetch

[16:54:49] processing 3K7dTgd-2Hw
[16:54:50] [FAIL] metadata fetch

[16:55:01] processing 3K7dTgd-2Hw
[16:55:03] [FAIL] metadata fetch

[16:55:13] processing 3K7dTgd-2Hw
[16:55:15] [FAIL] metadata fetch

[16:55:26] processing 3K7dTgd-2Hw
[16:55:27] [FAIL] metadata fetch

[16:55:38] processing 3K7dTgd-2Hw
[16:55:39] [FAIL] metadata fetch

[16:55:50] processing 3K7dTgd-2Hw
[16:55:52] [FAIL] metadata fetch

[16:56:03] processing 3K7dTgd-2Hw
[16:56:05] [FAIL] metadata fetch

[16:56:16] processing 3K7dTgd-2Hw
[16:56:17] [FAIL] metadata fetch

[16:56:28] processing 3K7dTgd-2Hw
[16:56:30] [FAIL] metadata fetch

[16:56:40] processing 3K7dTgd-2Hw
[16:56:42] [FAIL] metadata fetch

[16:56:53] processing 3K7dTgd-2Hw
[16:56:55] [FAIL] metadata fetch

[16:57:05] processing 3K7dTgd-2Hw
[16:57:07] [FAIL] metadata fetch

[16:57:18] processing 3K7dTgd-2Hw
[16:57:20] [FAIL] metadata fetch

[16:57:30] processing 3K7dTgd-2Hw
[16:57:32] [FAIL] metadata fetch

[16:57:43] processing 3K7dTgd-2Hw
[16:57:45] [FAIL] metadata fetch

[16:57:55] processing 3K7dTgd-2Hw
[16:57:57] [FAIL] metadata fetch

[16:58:07] processing 3K7dTgd-2Hw
[16:58:09] [FAIL] metadata fetch

[16:58:20] processing 3K7dTgd-2Hw
[16:58:21] [FAIL] metadata fetch

[16:58:32] processing 3K7dTgd-2Hw
[16:58:33] [FAIL] metadata fetch

[16:58:44] processing 3K7dTgd-2Hw
[16:58:46] [FAIL] metadata fetch

[16:58:56] processing 3K7dTgd-2Hw
[16:58:58] [FAIL] metadata fetch

[16:59:09] processing 3K7dTgd-2Hw
[16:59:10] [FAIL] metadata fetch

[16:59:20] processing 3K7dTgd-2Hw
[16:59:22] [FAIL] metadata fetch

[16:59:33] processing 3K7dTgd-2Hw
[16:59:35] [FAIL] metadata fetch

[16:59:46] processing 3K7dTgd-2Hw
[16:59:47] [FAIL] metadata fetch

[16:59:58] processing 3K7dTgd-2Hw
[17:00:00] [FAIL] metadata fetch

[17:00:10] processing 3K7dTgd-2Hw
[17:00:12] [FAIL] metadata fetch

[17:00:23] processing 3K7dTgd-2Hw
[17:00:24] [FAIL] metadata fetch

[17:00:35] processing 3K7dTgd-2Hw
[17:00:36] [FAIL] metadata fetch

[17:00:47] processing 3K7dTgd-2Hw
[17:00:49] [FAIL] metadata fetch

[17:00:59] processing 3K7dTgd-2Hw
[17:01:01] [FAIL] metadata fetch

[17:01:12] processing 3K7dTgd-2Hw
[17:01:13] [FAIL] metadata fetch

[17:01:24] processing 3K7dTgd-2Hw
[17:01:30] [FAIL] metadata fetch

[17:01:40] processing 3K7dTgd-2Hw
[17:01:42] [FAIL] metadata fetch

[17:01:53] processing 3K7dTgd-2Hw
[17:01:54] [FAIL] metadata fetch

[17:02:05] processing 3K7dTgd-2Hw
[17:02:06] [FAIL] metadata fetch

[17:02:17] processing 3K7dTgd-2Hw
[17:02:18] [FAIL] metadata fetch

[17:02:29] processing 3K7dTgd-2Hw
[17:02:31] [FAIL] metadata fetch

[17:02:41] processing 3K7dTgd-2Hw
[17:02:43] [FAIL] metadata fetch

[17:02:54] processing 3K7dTgd-2Hw
[17:02:55] [FAIL] metadata fetch

[17:03:06] processing 3K7dTgd-2Hw
[17:03:07] [FAIL] metadata fetch

[17:03:18] processing 3K7dTgd-2Hw
[17:03:20] [FAIL] metadata fetch

[17:03:30] processing 3K7dTgd-2Hw
[17:03:34] [FAIL] metadata fetch

[17:03:44] processing 3K7dTgd-2Hw
[17:03:46] [FAIL] metadata fetch

[17:03:57] processing 3K7dTgd-2Hw
[17:03:59] [FAIL] metadata fetch

[17:04:09] processing 3K7dTgd-2Hw
[17:04:11] [FAIL] metadata fetch

[17:04:22] processing 3K7dTgd-2Hw
[17:04:23] [FAIL] metadata fetch

[17:04:34] processing 3K7dTgd-2Hw
[17:04:36] [FAIL] metadata fetch

[17:04:46] processing 3K7dTgd-2Hw
[17:04:48] [FAIL] metadata fetch

[17:04:59] processing 3K7dTgd-2Hw
[17:05:01] [FAIL] metadata fetch

[17:05:12] processing 3K7dTgd-2Hw
[17:05:13] [FAIL] metadata fetch

[17:05:24] processing 3K7dTgd-2Hw
[17:05:26] [FAIL] metadata fetch

[17:05:37] processing 3K7dTgd-2Hw
[17:05:38] [FAIL] metadata fetch

[17:05:49] processing 3K7dTgd-2Hw
[17:05:50] [FAIL] metadata fetch

[17:06:01] processing 3K7dTgd-2Hw
[17:06:02] [FAIL] metadata fetch

[17:06:13] processing 3K7dTgd-2Hw
[17:06:15] [FAIL] metadata fetch

[17:06:25] processing 3K7dTgd-2Hw
[17:06:27] [FAIL] metadata fetch

[17:06:38] processing 3K7dTgd-2Hw
[17:06:39] [FAIL] metadata fetch

[17:06:50] processing 3K7dTgd-2Hw
[17:06:52] [FAIL] metadata fetch

[17:07:02] processing 3K7dTgd-2Hw
[17:07:05] [FAIL] metadata fetch

[17:07:16] processing 3K7dTgd-2Hw
[17:07:17] [FAIL] metadata fetch

[17:07:28] processing 3K7dTgd-2Hw
[17:07:29] [FAIL] metadata fetch

[17:07:40] processing 3K7dTgd-2Hw
[17:07:42] [FAIL] metadata fetch

[17:07:53] processing 3K7dTgd-2Hw
[17:07:55] [FAIL] metadata fetch

[17:08:06] processing 3K7dTgd-2Hw
[17:08:07] [FAIL] metadata fetch

[17:08:18] processing 3K7dTgd-2Hw
[17:08:20] [FAIL] metadata fetch

[17:08:31] processing 3K7dTgd-2Hw
[17:08:33] [FAIL] metadata fetch

[17:08:44] processing 3K7dTgd-2Hw
[17:08:45] [FAIL] metadata fetch

[17:08:56] processing 3K7dTgd-2Hw
[17:08:58] [FAIL] metadata fetch

[17:09:08] processing 3K7dTgd-2Hw
[17:09:10] [FAIL] metadata fetch

[17:09:21] processing 3K7dTgd-2Hw
[17:09:22] [FAIL] metadata fetch

[17:09:33] processing 3K7dTgd-2Hw
[17:09:35] [FAIL] metadata fetch

[17:09:46] processing 3K7dTgd-2Hw
[17:09:47] [FAIL] metadata fetch

[17:09:58] processing 3K7dTgd-2Hw
[17:09:59] [FAIL] metadata fetch

[17:10:10] processing 3K7dTgd-2Hw
[17:10:11] [FAIL] metadata fetch

[17:10:22] processing 3K7dTgd-2Hw
[17:10:24] [FAIL] metadata fetch

[17:10:35] processing 3K7dTgd-2Hw
[17:10:36] [FAIL] metadata fetch

[17:10:47] processing 3K7dTgd-2Hw
[17:10:49] [FAIL] metadata fetch

[17:10:59] processing 3K7dTgd-2Hw
[17:11:01] [FAIL] metadata fetch

[17:11:12] processing 3K7dTgd-2Hw
[17:11:14] [FAIL] metadata fetch

[17:11:24] processing 3K7dTgd-2Hw
[17:11:26] [FAIL] metadata fetch

[17:11:37] processing 3K7dTgd-2Hw
[17:11:39] [FAIL] metadata fetch

[17:11:50] processing 3K7dTgd-2Hw
[17:11:51] [FAIL] metadata fetch

[17:12:02] processing 3K7dTgd-2Hw
[17:12:04] [FAIL] metadata fetch

[17:12:14] processing 3K7dTgd-2Hw
[17:12:16] [FAIL] metadata fetch

[17:12:27] processing 3K7dTgd-2Hw
[17:12:29] [FAIL] metadata fetch

[17:12:40] processing 3K7dTgd-2Hw
[17:12:41] [FAIL] metadata fetch

[17:12:52] processing 3K7dTgd-2Hw
[17:12:54] [FAIL] metadata fetch

[17:13:04] processing 3K7dTgd-2Hw
[17:13:06] [FAIL] metadata fetch

[17:13:17] processing 3K7dTgd-2Hw
[17:13:18] [FAIL] metadata fetch

[17:13:29] processing 3K7dTgd-2Hw
[17:13:30] [FAIL] metadata fetch

[17:13:41] processing 3K7dTgd-2Hw
[17:13:43] [FAIL] metadata fetch

[17:13:54] processing 3K7dTgd-2Hw
[17:13:55] [FAIL] metadata fetch

[17:14:06] processing 3K7dTgd-2Hw
[17:14:08] [FAIL] metadata fetch

[17:14:19] processing 3K7dTgd-2Hw
[17:14:21] [FAIL] metadata fetch

[17:14:31] processing 3K7dTgd-2Hw
[17:14:33] [FAIL] metadata fetch

[17:14:44] processing 3K7dTgd-2Hw
[17:14:45] [FAIL] metadata fetch

[17:14:56] processing 3K7dTgd-2Hw
[17:14:58] [FAIL] metadata fetch

[17:15:09] processing 3K7dTgd-2Hw
[17:15:11] [FAIL] metadata fetch

[17:15:22] processing 3K7dTgd-2Hw
[17:15:24] [FAIL] metadata fetch

[17:15:35] processing 3K7dTgd-2Hw
[17:15:36] [FAIL] metadata fetch

[17:15:47] processing 3K7dTgd-2Hw
[17:15:49] [FAIL] metadata fetch

[17:15:59] processing 3K7dTgd-2Hw
[17:16:01] [FAIL] metadata fetch

[17:16:12] processing 3K7dTgd-2Hw
[17:16:13] [FAIL] metadata fetch

[17:16:24] processing 3K7dTgd-2Hw
[17:16:27] [FAIL] metadata fetch

[17:16:38] processing 3K7dTgd-2Hw
[17:16:39] [FAIL] metadata fetch

[17:16:50] processing 3K7dTgd-2Hw
[17:16:52] [FAIL] metadata fetch

[17:17:03] processing 3K7dTgd-2Hw
[17:17:05] [FAIL] metadata fetch

[17:17:15] processing 3K7dTgd-2Hw
[17:17:17] [FAIL] metadata fetch

[17:17:28] processing 3K7dTgd-2Hw
[17:17:29] [FAIL] metadata fetch

[17:17:40] processing 3K7dTgd-2Hw
[17:17:41] [FAIL] metadata fetch

[17:17:52] processing 3K7dTgd-2Hw
[17:17:54] [FAIL] metadata fetch

[17:18:05] processing 3K7dTgd-2Hw
[17:18:06] [FAIL] metadata fetch

[17:18:17] processing 3K7dTgd-2Hw
[17:18:19] [FAIL] metadata fetch

[17:18:30] processing 3K7dTgd-2Hw
[17:18:31] [FAIL] metadata fetch

[17:18:42] processing 3K7dTgd-2Hw
[17:18:44] [FAIL] metadata fetch

[17:18:55] processing 3K7dTgd-2Hw
[17:18:56] [FAIL] metadata fetch

[17:19:07] processing 3K7dTgd-2Hw
[17:19:09] [FAIL] metadata fetch

[17:19:20] processing 3K7dTgd-2Hw
[17:19:22] [FAIL] metadata fetch

[17:19:33] processing 3K7dTgd-2Hw
[17:19:34] [FAIL] metadata fetch

[17:19:45] processing 3K7dTgd-2Hw
[17:19:47] [FAIL] metadata fetch

[17:19:57] processing 3K7dTgd-2Hw
[17:19:59] [FAIL] metadata fetch

[17:20:10] processing 3K7dTgd-2Hw
[17:20:11] [FAIL] metadata fetch

[17:20:22] processing 3K7dTgd-2Hw
[17:20:24] [FAIL] metadata fetch

[17:20:34] processing 3K7dTgd-2Hw
[17:20:37] [FAIL] metadata fetch

[17:20:47] processing 3K7dTgd-2Hw
[17:20:50] [FAIL] metadata fetch

[17:21:00] processing 3K7dTgd-2Hw
[17:21:02] [FAIL] metadata fetch

[17:21:13] processing 3K7dTgd-2Hw
[17:21:16] [FAIL] metadata fetch

[17:21:27] processing 3K7dTgd-2Hw
[17:21:28] [FAIL] metadata fetch

[17:21:39] processing 3K7dTgd-2Hw
[17:21:41] [FAIL] metadata fetch

[17:21:52] processing 3K7dTgd-2Hw
[17:21:53] [FAIL] metadata fetch

[17:22:04] processing 3K7dTgd-2Hw
[17:22:05] [FAIL] metadata fetch

[17:22:16] processing 3K7dTgd-2Hw
[17:22:18] [FAIL] metadata fetch

[17:22:29] processing 3K7dTgd-2Hw
[17:22:31] [FAIL] metadata fetch

[17:22:41] processing 3K7dTgd-2Hw
[17:22:43] [FAIL] metadata fetch

[17:22:54] processing 3K7dTgd-2Hw
[17:22:56] [FAIL] metadata fetch

[17:23:06] processing 3K7dTgd-2Hw
[17:23:08] [FAIL] metadata fetch

[17:23:19] processing 3K7dTgd-2Hw
[17:23:21] [FAIL] metadata fetch

[17:23:31] processing 3K7dTgd-2Hw
[17:23:33] [FAIL] metadata fetch

[17:23:44] processing 3K7dTgd-2Hw
[17:23:46] [FAIL] metadata fetch

[17:23:56] processing 3K7dTgd-2Hw
[17:23:58] [FAIL] metadata fetch

[17:24:09] processing 3K7dTgd-2Hw
[17:24:11] [FAIL] metadata fetch

[17:24:22] processing 3K7dTgd-2Hw
[17:24:23] [FAIL] metadata fetch

[17:24:34] processing 3K7dTgd-2Hw
[17:24:36] [FAIL] metadata fetch

[17:24:47] processing 3K7dTgd-2Hw
[17:24:48] [FAIL] metadata fetch

[17:24:59] processing 3K7dTgd-2Hw
[17:25:01] [FAIL] metadata fetch

[17:25:11] processing 3K7dTgd-2Hw
[17:25:13] [FAIL] metadata fetch

[17:25:23] processing 3K7dTgd-2Hw
[17:25:25] [FAIL] metadata fetch

[17:25:36] processing 3K7dTgd-2Hw
[17:25:38] [FAIL] metadata fetch

[17:25:48] processing 3K7dTgd-2Hw
[17:25:50] [FAIL] metadata fetch

[17:26:01] processing 3K7dTgd-2Hw
[17:26:02] [FAIL] metadata fetch

[17:26:13] processing 3K7dTgd-2Hw
[17:26:14] [FAIL] metadata fetch

[17:26:25] processing 3K7dTgd-2Hw
[17:26:26] [FAIL] metadata fetch

[17:26:37] processing 3K7dTgd-2Hw
[17:26:38] [FAIL] metadata fetch

[17:26:49] processing 3K7dTgd-2Hw
[17:26:51] [FAIL] metadata fetch

[17:27:02] processing 3K7dTgd-2Hw
[17:27:03] [FAIL] metadata fetch

[17:27:14] processing 3K7dTgd-2Hw
[17:27:16] [FAIL] metadata fetch

[17:27:27] processing 3K7dTgd-2Hw
[17:27:28] [FAIL] metadata fetch

[17:27:39] processing 3K7dTgd-2Hw
[17:27:41] [FAIL] metadata fetch

[17:27:52] processing 3K7dTgd-2Hw
[17:27:53] [FAIL] metadata fetch

[17:28:04] processing 3K7dTgd-2Hw
[17:28:06] [FAIL] metadata fetch

[17:28:17] processing 3K7dTgd-2Hw
[17:28:19] [FAIL] metadata fetch

[17:28:29] processing 3K7dTgd-2Hw
[17:28:31] [FAIL] metadata fetch

[17:28:42] processing 3K7dTgd-2Hw
[17:28:44] [FAIL] metadata fetch

[17:28:55] processing 3K7dTgd-2Hw
[17:28:56] [FAIL] metadata fetch

[17:29:07] processing 3K7dTgd-2Hw
[17:29:09] [FAIL] metadata fetch

[17:29:20] processing 3K7dTgd-2Hw
[17:29:21] [FAIL] metadata fetch

[17:29:32] processing 3K7dTgd-2Hw
[17:29:34] [FAIL] metadata fetch

[17:29:45] processing 3K7dTgd-2Hw
[17:29:46] [FAIL] metadata fetch

[17:29:57] processing 3K7dTgd-2Hw
[17:29:59] [FAIL] metadata fetch

[17:30:10] processing 3K7dTgd-2Hw
[17:30:12] [FAIL] metadata fetch

[17:30:23] processing 3K7dTgd-2Hw
[17:30:26] [FAIL] metadata fetch

[17:30:36] processing 3K7dTgd-2Hw
[17:30:38] [FAIL] metadata fetch

[17:30:49] processing 3K7dTgd-2Hw
[17:30:50] [FAIL] metadata fetch

[17:31:01] processing 3K7dTgd-2Hw
[17:31:02] [FAIL] metadata fetch

[17:31:13] processing 3K7dTgd-2Hw
[17:31:15] [FAIL] metadata fetch

[17:31:26] processing 3K7dTgd-2Hw
[17:31:27] [FAIL] metadata fetch

[17:31:38] processing 3K7dTgd-2Hw
[17:31:40] [FAIL] metadata fetch

[17:31:51] processing 3K7dTgd-2Hw
[17:31:52] [FAIL] metadata fetch

[17:32:03] processing 3K7dTgd-2Hw
[17:32:05] [FAIL] metadata fetch

[17:32:16] processing 3K7dTgd-2Hw
[17:32:17] [FAIL] metadata fetch

[17:32:28] processing 3K7dTgd-2Hw
[17:32:30] [FAIL] metadata fetch

[17:32:41] processing 3K7dTgd-2Hw
[17:32:42] [FAIL] metadata fetch

[17:32:53] processing 3K7dTgd-2Hw
[17:32:54] [FAIL] metadata fetch

[17:33:05] processing 3K7dTgd-2Hw
[17:33:07] [FAIL] metadata fetch

[17:33:18] processing 3K7dTgd-2Hw
[17:33:19] [FAIL] metadata fetch

[17:33:30] processing 3K7dTgd-2Hw
[17:33:32] [FAIL] metadata fetch

[17:33:43] processing 3K7dTgd-2Hw
[17:33:46] [FAIL] metadata fetch

[17:33:56] processing 3K7dTgd-2Hw
[17:33:58] [FAIL] metadata fetch

[17:34:09] processing 3K7dTgd-2Hw
[17:34:10] [FAIL] metadata fetch

[17:34:21] processing 3K7dTgd-2Hw
[17:34:23] [FAIL] metadata fetch

[17:34:34] processing 3K7dTgd-2Hw
[17:34:35] [FAIL] metadata fetch

[17:34:46] processing 3K7dTgd-2Hw
[17:34:48] [FAIL] metadata fetch

[17:34:59] processing 3K7dTgd-2Hw
[17:35:01] [FAIL] metadata fetch

[17:35:11] processing 3K7dTgd-2Hw
[17:35:13] [FAIL] metadata fetch

[17:35:24] processing 3K7dTgd-2Hw
[17:35:26] [FAIL] metadata fetch

[17:35:36] processing 3K7dTgd-2Hw
[17:35:38] [FAIL] metadata fetch

[17:35:49] processing 3K7dTgd-2Hw
[17:35:51] [FAIL] metadata fetch

[17:36:02] processing 3K7dTgd-2Hw
[17:36:04] [FAIL] metadata fetch

[17:36:14] processing 3K7dTgd-2Hw
[17:36:16] [FAIL] metadata fetch

[17:36:27] processing 3K7dTgd-2Hw
[17:36:29] [FAIL] metadata fetch

[17:36:40] processing 3K7dTgd-2Hw
[17:36:41] [FAIL] metadata fetch

[17:36:52] processing 3K7dTgd-2Hw
[17:36:54] [FAIL] metadata fetch

[17:37:05] processing 3K7dTgd-2Hw
[17:37:06] [FAIL] metadata fetch

[17:37:17] processing 3K7dTgd-2Hw
[17:37:19] [FAIL] metadata fetch

[17:37:30] processing 3K7dTgd-2Hw
[17:37:32] [FAIL] metadata fetch

[17:37:43] processing 3K7dTgd-2Hw
[17:37:44] [FAIL] metadata fetch

[17:37:55] processing 3K7dTgd-2Hw
[17:37:57] [FAIL] metadata fetch

[17:38:08] processing 3K7dTgd-2Hw
[17:38:09] [FAIL] metadata fetch

[17:38:20] processing 3K7dTgd-2Hw
[17:38:22] [FAIL] metadata fetch

[17:38:33] processing 3K7dTgd-2Hw
[17:38:35] [FAIL] metadata fetch

[17:38:46] processing 3K7dTgd-2Hw
[17:38:48] [FAIL] metadata fetch

[17:38:59] processing 3K7dTgd-2Hw
[17:39:01] [FAIL] metadata fetch

[17:39:11] processing 3K7dTgd-2Hw
[17:39:13] [FAIL] metadata fetch

[17:39:24] processing 3K7dTgd-2Hw
[17:39:25] [FAIL] metadata fetch

[17:39:36] processing 3K7dTgd-2Hw
[17:39:38] [FAIL] metadata fetch

[17:39:49] processing 3K7dTgd-2Hw
[17:39:51] [FAIL] metadata fetch

[17:40:02] processing 3K7dTgd-2Hw
[17:40:04] [FAIL] metadata fetch

[17:40:15] processing 3K7dTgd-2Hw
[17:40:17] [FAIL] metadata fetch

[17:40:28] processing 3K7dTgd-2Hw
[17:40:29] [FAIL] metadata fetch

[17:40:40] processing 3K7dTgd-2Hw
[17:40:41] [FAIL] metadata fetch

[17:40:52] processing 3K7dTgd-2Hw
[17:40:54] [FAIL] metadata fetch

[17:41:04] processing 3K7dTgd-2Hw
[17:41:06] [FAIL] metadata fetch

[17:41:17] processing 3K7dTgd-2Hw
[17:41:19] [FAIL] metadata fetch

[17:41:29] processing 3K7dTgd-2Hw
[17:41:31] [FAIL] metadata fetch

[17:41:42] processing 3K7dTgd-2Hw
[17:41:43] [FAIL] metadata fetch

[17:41:54] processing 3K7dTgd-2Hw
[17:41:56] [FAIL] metadata fetch

[17:42:06] processing 3K7dTgd-2Hw
[17:42:08] [FAIL] metadata fetch

[17:42:19] processing 3K7dTgd-2Hw
[17:42:20] [FAIL] metadata fetch

[17:42:31] processing 3K7dTgd-2Hw
[17:42:33] [FAIL] metadata fetch

[17:42:43] processing 3K7dTgd-2Hw
[17:42:45] [FAIL] metadata fetch

[17:42:56] processing 3K7dTgd-2Hw
[17:42:58] [FAIL] metadata fetch

[17:43:08] processing 3K7dTgd-2Hw
[17:43:10] [FAIL] metadata fetch

[17:43:21] processing 3K7dTgd-2Hw
[17:43:22] [FAIL] metadata fetch

[17:43:33] processing 3K7dTgd-2Hw
[17:43:34] [FAIL] metadata fetch

[17:43:45] processing 3K7dTgd-2Hw
[17:43:47] [FAIL] metadata fetch

[17:43:57] processing 3K7dTgd-2Hw
[17:43:59] [FAIL] metadata fetch

[17:44:10] processing 3K7dTgd-2Hw
[17:44:11] [FAIL] metadata fetch

[17:44:22] processing 3K7dTgd-2Hw
[17:44:24] [FAIL] metadata fetch

[17:44:35] processing 3K7dTgd-2Hw
[17:44:36] [FAIL] metadata fetch

[17:44:47] processing 3K7dTgd-2Hw
[17:44:49] [FAIL] metadata fetch

[17:45:00] processing 3K7dTgd-2Hw
[17:45:02] [FAIL] metadata fetch

[17:45:12] processing 3K7dTgd-2Hw
[17:45:15] [FAIL] metadata fetch

[17:45:26] processing 3K7dTgd-2Hw
[17:45:27] [FAIL] metadata fetch

[17:45:38] processing 3K7dTgd-2Hw
[17:45:40] [FAIL] metadata fetch

[17:45:51] processing 3K7dTgd-2Hw
[17:45:53] [FAIL] metadata fetch

[17:46:04] processing 3K7dTgd-2Hw
[17:46:06] [FAIL] metadata fetch

[17:46:17] processing 3K7dTgd-2Hw
[17:46:19] [FAIL] metadata fetch

[17:46:30] processing 3K7dTgd-2Hw
[17:46:32] [FAIL] metadata fetch

[17:46:43] processing 3K7dTgd-2Hw
[17:46:44] [FAIL] metadata fetch

[17:46:55] processing 3K7dTgd-2Hw
[17:46:57] [FAIL] metadata fetch

[17:47:07] processing 3K7dTgd-2Hw
[17:47:09] [FAIL] metadata fetch

[17:47:20] processing 3K7dTgd-2Hw
[17:47:21] [FAIL] metadata fetch

[17:47:32] processing 3K7dTgd-2Hw
[17:47:36] [FAIL] metadata fetch

[17:47:46] processing 3K7dTgd-2Hw
[17:47:48] [FAIL] metadata fetch

[17:47:58] processing 3K7dTgd-2Hw
[17:48:00] [FAIL] metadata fetch

[17:48:11] processing 3K7dTgd-2Hw
[17:48:13] [FAIL] metadata fetch

[17:48:24] processing 3K7dTgd-2Hw
[17:48:25] [FAIL] metadata fetch

[17:48:36] processing 3K7dTgd-2Hw
[17:48:37] [FAIL] metadata fetch

[17:48:48] processing 3K7dTgd-2Hw
[17:48:50] [FAIL] metadata fetch

[17:49:00] processing 3K7dTgd-2Hw
[17:49:02] [FAIL] metadata fetch

[17:49:13] processing 3K7dTgd-2Hw
[17:49:14] [FAIL] metadata fetch

[17:49:25] processing 3K7dTgd-2Hw
[17:49:27] [FAIL] metadata fetch

[17:49:37] processing 3K7dTgd-2Hw
[17:49:39] [FAIL] metadata fetch

[17:49:50] processing 3K7dTgd-2Hw
[17:49:52] [FAIL] metadata fetch

[17:50:02] processing 3K7dTgd-2Hw
[17:50:04] [FAIL] metadata fetch

[17:50:15] processing 3K7dTgd-2Hw
[17:50:17] [FAIL] metadata fetch

[17:50:27] processing 3K7dTgd-2Hw
[17:50:29] [FAIL] metadata fetch

[17:50:40] processing 3K7dTgd-2Hw
[17:50:42] [FAIL] metadata fetch

[17:50:52] processing 3K7dTgd-2Hw
[17:50:54] [FAIL] metadata fetch

[17:51:05] processing 3K7dTgd-2Hw
[17:51:06] [FAIL] metadata fetch

[17:51:17] processing 3K7dTgd-2Hw
[17:51:20] [FAIL] metadata fetch

[17:51:30] processing 3K7dTgd-2Hw
[17:51:32] [FAIL] metadata fetch

[17:51:43] processing 3K7dTgd-2Hw
[17:51:44] [FAIL] metadata fetch

[17:51:55] processing 3K7dTgd-2Hw
[17:51:57] [FAIL] metadata fetch

[17:52:08] processing 3K7dTgd-2Hw
[17:52:09] [FAIL] metadata fetch

[17:52:20] processing 3K7dTgd-2Hw
[17:52:22] [FAIL] metadata fetch

[17:52:32] processing 3K7dTgd-2Hw
[17:52:34] [FAIL] metadata fetch

[17:52:45] processing 3K7dTgd-2Hw
[17:52:46] [FAIL] metadata fetch

[17:52:57] processing 3K7dTgd-2Hw
[17:52:58] [FAIL] metadata fetch

[17:53:09] processing 3K7dTgd-2Hw
[17:53:11] [FAIL] metadata fetch

[17:53:21] processing 3K7dTgd-2Hw
[17:53:23] [FAIL] metadata fetch

[17:53:34] processing 3K7dTgd-2Hw
[17:53:35] [FAIL] metadata fetch

[17:53:46] processing 3K7dTgd-2Hw
[17:53:47] [FAIL] metadata fetch

[17:53:58] processing 3K7dTgd-2Hw
[17:54:00] [FAIL] metadata fetch

[17:54:11] processing 3K7dTgd-2Hw
[17:54:12] [FAIL] metadata fetch

[17:54:23] processing 3K7dTgd-2Hw
[17:54:26] [FAIL] metadata fetch

[17:54:37] processing 3K7dTgd-2Hw
[17:54:38] [FAIL] metadata fetch

[17:54:49] processing 3K7dTgd-2Hw
[17:54:51] [FAIL] metadata fetch

[17:55:01] processing 3K7dTgd-2Hw
[17:55:03] [FAIL] metadata fetch

[17:55:14] processing 3K7dTgd-2Hw
[17:55:16] [FAIL] metadata fetch

[17:55:27] processing 3K7dTgd-2Hw
[17:55:28] [FAIL] metadata fetch

[17:55:39] processing 3K7dTgd-2Hw
[17:55:41] [FAIL] metadata fetch

[17:55:51] processing 3K7dTgd-2Hw
[17:55:53] [FAIL] metadata fetch

[17:56:04] processing 3K7dTgd-2Hw
[17:56:05] [FAIL] metadata fetch

[17:56:16] processing 3K7dTgd-2Hw
[17:56:17] [FAIL] metadata fetch

[17:56:28] processing 3K7dTgd-2Hw
[17:56:30] [FAIL] metadata fetch

[17:56:41] processing 3K7dTgd-2Hw
[17:56:42] [FAIL] metadata fetch

[17:56:53] processing 3K7dTgd-2Hw
[17:56:54] [FAIL] metadata fetch

[17:57:05] processing 3K7dTgd-2Hw
[17:57:07] [FAIL] metadata fetch

[17:57:17] processing 3K7dTgd-2Hw
[17:57:19] [FAIL] metadata fetch

[17:57:30] processing 3K7dTgd-2Hw
[17:57:32] [FAIL] metadata fetch

[17:57:42] processing 3K7dTgd-2Hw
[17:57:44] [FAIL] metadata fetch

[17:57:55] processing 3K7dTgd-2Hw
[17:57:56] [FAIL] metadata fetch

[17:58:07] processing 3K7dTgd-2Hw
[17:58:09] [FAIL] metadata fetch

[17:58:19] processing 3K7dTgd-2Hw
[17:58:21] [FAIL] metadata fetch

[17:58:32] processing 3K7dTgd-2Hw
[17:58:34] [FAIL] metadata fetch

[17:58:44] processing 3K7dTgd-2Hw
[17:58:46] [FAIL] metadata fetch

[17:58:57] processing 3K7dTgd-2Hw
[17:58:58] [FAIL] metadata fetch

[17:59:09] processing 3K7dTgd-2Hw
[17:59:11] [FAIL] metadata fetch

[17:59:22] processing 3K7dTgd-2Hw
[17:59:23] [FAIL] metadata fetch

[17:59:34] processing 3K7dTgd-2Hw
[17:59:36] [FAIL] metadata fetch

[17:59:46] processing 3K7dTgd-2Hw
[17:59:49] [FAIL] metadata fetch

[18:00:00] processing 3K7dTgd-2Hw
[18:00:02] [FAIL] metadata fetch

[18:00:13] processing 3K7dTgd-2Hw
[18:00:16] [FAIL] metadata fetch

[18:00:27] processing 3K7dTgd-2Hw
[18:00:29] [FAIL] metadata fetch

[18:00:40] processing 3K7dTgd-2Hw
[18:00:42] [FAIL] metadata fetch

[18:00:52] processing 3K7dTgd-2Hw
[18:00:54] [FAIL] metadata fetch

[18:01:05] processing 3K7dTgd-2Hw
[18:01:06] [FAIL] metadata fetch

[18:01:17] processing 3K7dTgd-2Hw
[18:01:18] [FAIL] metadata fetch

[18:01:29] processing 3K7dTgd-2Hw
[18:01:30] [FAIL] metadata fetch

[18:01:41] processing 3K7dTgd-2Hw
[18:01:43] [FAIL] metadata fetch

[18:01:53] processing 3K7dTgd-2Hw
[18:01:55] [FAIL] metadata fetch

[18:02:05] processing 3K7dTgd-2Hw
[18:02:07] [FAIL] metadata fetch

[18:02:18] processing 3K7dTgd-2Hw
[18:02:28] [FAIL] metadata fetch

[18:02:38] processing 3K7dTgd-2Hw
[18:02:40] [FAIL] metadata fetch

[18:02:51] processing 3K7dTgd-2Hw
[18:02:53] [FAIL] metadata fetch

[18:03:04] processing 3K7dTgd-2Hw
[18:03:05] [FAIL] metadata fetch

[18:03:16] processing 3K7dTgd-2Hw
[18:03:17] [FAIL] metadata fetch

[18:03:28] processing 3K7dTgd-2Hw
[18:03:30] [FAIL] metadata fetch

[18:03:40] processing 3K7dTgd-2Hw
[18:03:42] [FAIL] metadata fetch

[18:03:53] processing 3K7dTgd-2Hw
[18:03:55] [FAIL] metadata fetch

[18:04:05] processing 3K7dTgd-2Hw
[18:04:07] [FAIL] metadata fetch

[18:04:18] processing 3K7dTgd-2Hw
[18:04:20] [FAIL] metadata fetch

[18:04:30] processing 3K7dTgd-2Hw
[18:04:32] [FAIL] metadata fetch

[18:04:43] processing 3K7dTgd-2Hw
[18:04:44] [FAIL] metadata fetch

[18:04:55] processing 3K7dTgd-2Hw
[18:04:56] [FAIL] metadata fetch

[18:05:07] processing 3K7dTgd-2Hw
[18:05:08] [FAIL] metadata fetch

[18:05:19] processing 3K7dTgd-2Hw
[18:05:21] [FAIL] metadata fetch

[18:05:32] processing 3K7dTgd-2Hw
[18:05:33] [FAIL] metadata fetch

[18:05:44] processing 3K7dTgd-2Hw
[18:05:46] [FAIL] metadata fetch

[18:05:57] processing 3K7dTgd-2Hw
[18:05:58] [FAIL] metadata fetch

[18:06:09] processing 3K7dTgd-2Hw
[18:06:10] [FAIL] metadata fetch

[18:06:21] processing 3K7dTgd-2Hw
[18:06:22] [FAIL] metadata fetch

[18:06:33] processing 3K7dTgd-2Hw
[18:06:35] [FAIL] metadata fetch

[18:06:46] processing 3K7dTgd-2Hw
[18:06:47] [FAIL] metadata fetch

[18:06:58] processing 3K7dTgd-2Hw
[18:07:00] [FAIL] metadata fetch

[18:07:11] processing 3K7dTgd-2Hw
[18:07:12] [FAIL] metadata fetch

[18:07:23] processing 3K7dTgd-2Hw
[18:07:24] [FAIL] metadata fetch

[18:07:35] processing 3K7dTgd-2Hw
[18:07:37] [FAIL] metadata fetch

[18:07:48] processing 3K7dTgd-2Hw
[18:07:50] [FAIL] metadata fetch

[18:08:01] processing 3K7dTgd-2Hw
[18:08:02] [FAIL] metadata fetch

[18:08:13] processing 3K7dTgd-2Hw
[18:08:15] [FAIL] metadata fetch

[18:08:26] processing 3K7dTgd-2Hw
[18:08:27] [FAIL] metadata fetch

[18:08:38] processing 3K7dTgd-2Hw
[18:08:40] [FAIL] metadata fetch

[18:08:51] processing 3K7dTgd-2Hw
[18:08:53] [FAIL] metadata fetch

[18:09:04] processing 3K7dTgd-2Hw
[18:09:05] [FAIL] metadata fetch

[18:09:16] processing 3K7dTgd-2Hw
[18:09:18] [FAIL] metadata fetch

[18:09:28] processing 3K7dTgd-2Hw
[18:09:30] [FAIL] metadata fetch

[18:09:41] processing 3K7dTgd-2Hw
[18:09:43] [FAIL] metadata fetch

[18:09:54] processing 3K7dTgd-2Hw
[18:09:55] [FAIL] metadata fetch

[18:10:06] processing 3K7dTgd-2Hw
[18:10:08] [FAIL] metadata fetch

[18:10:18] processing 3K7dTgd-2Hw
[18:10:21] [FAIL] metadata fetch

[18:10:31] processing 3K7dTgd-2Hw
[18:10:33] [FAIL] metadata fetch

[18:10:44] processing 3K7dTgd-2Hw
[18:10:46] [FAIL] metadata fetch

[18:10:56] processing 3K7dTgd-2Hw
[18:10:58] [FAIL] metadata fetch

[18:11:09] processing 3K7dTgd-2Hw
[18:11:10] [FAIL] metadata fetch

[18:11:21] processing 3K7dTgd-2Hw
[18:11:23] [FAIL] metadata fetch

[18:11:34] processing 3K7dTgd-2Hw
[18:11:35] [FAIL] metadata fetch

[18:11:46] processing 3K7dTgd-2Hw
[18:11:48] [FAIL] metadata fetch

[18:11:58] processing 3K7dTgd-2Hw
[18:12:00] [FAIL] metadata fetch

[18:12:11] processing 3K7dTgd-2Hw
[18:12:12] [FAIL] metadata fetch

[18:12:23] processing 3K7dTgd-2Hw
[18:12:25] [FAIL] metadata fetch

[18:12:36] processing 3K7dTgd-2Hw
[18:12:37] [FAIL] metadata fetch

[18:12:48] processing 3K7dTgd-2Hw
[18:12:49] [FAIL] metadata fetch

[18:13:00] processing 3K7dTgd-2Hw
[18:13:02] [FAIL] metadata fetch

[18:13:13] processing 3K7dTgd-2Hw
[18:13:14] [FAIL] metadata fetch

[18:13:25] processing 3K7dTgd-2Hw
[18:13:26] [FAIL] metadata fetch

[18:13:37] processing 3K7dTgd-2Hw
[18:13:39] [FAIL] metadata fetch

[18:13:49] processing 3K7dTgd-2Hw
[18:13:51] [FAIL] metadata fetch

[18:14:02] processing 3K7dTgd-2Hw
[18:14:03] [FAIL] metadata fetch

[18:14:14] processing 3K7dTgd-2Hw
[18:14:16] [FAIL] metadata fetch

[18:14:26] processing 3K7dTgd-2Hw
[18:14:28] [FAIL] metadata fetch

[18:14:38] processing 3K7dTgd-2Hw
[18:14:40] [FAIL] metadata fetch

[18:14:51] processing 3K7dTgd-2Hw
[18:14:52] [FAIL] metadata fetch

[18:15:03] processing 3K7dTgd-2Hw
[18:15:05] [FAIL] metadata fetch

[18:15:16] processing 3K7dTgd-2Hw
[18:15:18] [FAIL] metadata fetch

[18:15:29] processing 3K7dTgd-2Hw
[18:15:30] [FAIL] metadata fetch

[18:15:41] processing 3K7dTgd-2Hw
[18:15:43] [FAIL] metadata fetch

[18:15:54] processing 3K7dTgd-2Hw
[18:15:55] [FAIL] metadata fetch

[18:16:06] processing 3K7dTgd-2Hw
[18:16:08] [FAIL] metadata fetch

[18:16:19] processing 3K7dTgd-2Hw
[18:16:21] [FAIL] metadata fetch

[18:16:32] processing 3K7dTgd-2Hw
[18:16:33] [FAIL] metadata fetch

[18:16:44] processing 3K7dTgd-2Hw
[18:16:46] [FAIL] metadata fetch

[18:16:57] processing 3K7dTgd-2Hw
[18:16:59] [FAIL] metadata fetch

[18:17:09] processing 3K7dTgd-2Hw
[18:17:11] [FAIL] metadata fetch

[18:17:22] processing 3K7dTgd-2Hw
[18:17:23] [FAIL] metadata fetch

[18:17:34] processing 3K7dTgd-2Hw
[18:17:36] [FAIL] metadata fetch

[18:17:46] processing 3K7dTgd-2Hw
[18:17:48] [FAIL] metadata fetch

[18:17:59] processing 3K7dTgd-2Hw
[18:18:01] [FAIL] metadata fetch

[18:18:11] processing 3K7dTgd-2Hw
[18:18:13] [FAIL] metadata fetch

[18:18:24] processing 3K7dTgd-2Hw
[18:18:26] [FAIL] metadata fetch

[18:18:36] processing 3K7dTgd-2Hw
[18:18:39] [FAIL] metadata fetch

[18:18:49] processing 3K7dTgd-2Hw
[18:18:51] [FAIL] metadata fetch

[18:19:02] processing 3K7dTgd-2Hw
[18:19:03] [FAIL] metadata fetch

[18:19:14] processing 3K7dTgd-2Hw
[18:19:16] [FAIL] metadata fetch

[18:19:27] processing 3K7dTgd-2Hw
[18:19:28] [FAIL] metadata fetch

[18:19:39] processing 3K7dTgd-2Hw
[18:19:42] [FAIL] metadata fetch

[18:19:53] processing 3K7dTgd-2Hw
[18:19:54] [FAIL] metadata fetch

[18:20:05] processing 3K7dTgd-2Hw
[18:20:07] [FAIL] metadata fetch

[18:20:18] processing 3K7dTgd-2Hw
[18:20:19] [FAIL] metadata fetch

[18:20:30] processing 3K7dTgd-2Hw
[18:20:32] [FAIL] metadata fetch

[18:20:42] processing 3K7dTgd-2Hw
[18:20:45] [FAIL] metadata fetch

[18:20:55] processing 3K7dTgd-2Hw
[18:20:57] [FAIL] metadata fetch

[18:21:08] processing 3K7dTgd-2Hw
[18:21:09] [FAIL] metadata fetch

[18:21:20] processing 3K7dTgd-2Hw
[18:21:21] [FAIL] metadata fetch

[18:21:32] processing 3K7dTgd-2Hw
[18:21:34] [FAIL] metadata fetch

[18:21:44] processing 3K7dTgd-2Hw
[18:21:46] [FAIL] metadata fetch

[18:21:57] processing 3K7dTgd-2Hw
[18:21:58] [FAIL] metadata fetch

[18:22:09] processing 3K7dTgd-2Hw
[18:22:10] [FAIL] metadata fetch

[18:22:21] processing 3K7dTgd-2Hw
[18:22:23] [FAIL] metadata fetch

[18:22:33] processing 3K7dTgd-2Hw
[18:22:35] [FAIL] metadata fetch

[18:22:46] processing 3K7dTgd-2Hw
[18:22:47] [FAIL] metadata fetch

[18:22:58] processing 3K7dTgd-2Hw
[18:23:00] [FAIL] metadata fetch

[18:23:10] processing 3K7dTgd-2Hw
[18:23:12] [FAIL] metadata fetch

[18:23:23] processing 3K7dTgd-2Hw
[18:23:24] [FAIL] metadata fetch

[18:23:35] processing 3K7dTgd-2Hw
[18:23:37] [FAIL] metadata fetch

[18:23:48] processing 3K7dTgd-2Hw
[18:23:49] [FAIL] metadata fetch

[18:24:00] processing 3K7dTgd-2Hw
[18:24:02] [FAIL] metadata fetch

[18:24:12] processing 3K7dTgd-2Hw
[18:24:14] [FAIL] metadata fetch

[18:24:25] processing 3K7dTgd-2Hw
[18:24:26] [FAIL] metadata fetch

[18:24:37] processing 3K7dTgd-2Hw
[18:24:38] [FAIL] metadata fetch

[18:24:49] processing 3K7dTgd-2Hw
[18:24:50] [FAIL] metadata fetch

[18:25:01] processing 3K7dTgd-2Hw
[18:25:03] [FAIL] metadata fetch

[18:25:14] processing 3K7dTgd-2Hw
[18:25:15] [FAIL] metadata fetch

[18:25:26] processing 3K7dTgd-2Hw
[18:25:27] [FAIL] metadata fetch

[18:25:38] processing 3K7dTgd-2Hw
[18:25:39] [FAIL] metadata fetch

[18:25:50] processing 3K7dTgd-2Hw
[18:25:52] [FAIL] metadata fetch

[18:26:03] processing 3K7dTgd-2Hw
[18:26:04] [FAIL] metadata fetch

[18:26:15] processing 3K7dTgd-2Hw
[18:26:16] [FAIL] metadata fetch

[18:26:27] processing 3K7dTgd-2Hw
[18:26:29] [FAIL] metadata fetch

[18:26:40] processing 3K7dTgd-2Hw
[18:26:41] [FAIL] metadata fetch

[18:26:52] processing 3K7dTgd-2Hw
[18:26:54] [FAIL] metadata fetch

[18:27:05] processing 3K7dTgd-2Hw
[18:27:06] [FAIL] metadata fetch

[18:27:17] processing 3K7dTgd-2Hw
[18:27:18] [FAIL] metadata fetch

[18:27:29] processing 3K7dTgd-2Hw
[18:27:31] [FAIL] metadata fetch

[18:27:42] processing 3K7dTgd-2Hw
[18:27:43] [FAIL] metadata fetch

[18:27:54] processing 3K7dTgd-2Hw
[18:27:57] [FAIL] metadata fetch

[18:28:07] processing 3K7dTgd-2Hw
[18:28:09] [FAIL] metadata fetch

[18:28:20] processing 3K7dTgd-2Hw
[18:28:22] [FAIL] metadata fetch

[18:28:32] processing 3K7dTgd-2Hw
[18:28:34] [FAIL] metadata fetch

[18:28:45] processing 3K7dTgd-2Hw
[18:28:47] [FAIL] metadata fetch

[18:28:58] processing 3K7dTgd-2Hw
[18:28:59] [FAIL] metadata fetch

[18:29:10] processing 3K7dTgd-2Hw
[18:29:13] [FAIL] metadata fetch

[18:29:24] processing 3K7dTgd-2Hw
[18:29:25] [FAIL] metadata fetch

[18:29:36] processing 3K7dTgd-2Hw
[18:29:37] [FAIL] metadata fetch

[18:29:48] processing 3K7dTgd-2Hw
[18:29:49] [FAIL] metadata fetch

[18:30:00] processing 3K7dTgd-2Hw
[18:30:02] [FAIL] metadata fetch

[18:30:13] processing 3K7dTgd-2Hw
[18:30:15] [FAIL] metadata fetch

[18:30:25] processing 3K7dTgd-2Hw
[18:30:28] [FAIL] metadata fetch

[18:30:39] processing 3K7dTgd-2Hw
[18:30:40] [FAIL] metadata fetch

[18:30:51] processing 3K7dTgd-2Hw
[18:30:53] [FAIL] metadata fetch

[18:31:04] processing 3K7dTgd-2Hw
[18:31:05] [FAIL] metadata fetch

[18:31:16] processing 3K7dTgd-2Hw
[18:31:18] [FAIL] metadata fetch

[18:31:28] processing 3K7dTgd-2Hw
[18:31:30] [FAIL] metadata fetch

[18:31:41] processing 3K7dTgd-2Hw
[18:31:43] [FAIL] metadata fetch

[18:31:53] processing 3K7dTgd-2Hw
[18:31:55] [FAIL] metadata fetch

[18:32:06] processing 3K7dTgd-2Hw
[18:32:07] [FAIL] metadata fetch

[18:32:18] processing 3K7dTgd-2Hw
[18:32:20] [FAIL] metadata fetch

[18:32:31] processing 3K7dTgd-2Hw
[18:32:33] [FAIL] metadata fetch

[18:32:43] processing 3K7dTgd-2Hw
[18:32:45] [FAIL] metadata fetch

[18:32:56] processing 3K7dTgd-2Hw
[18:32:57] [FAIL] metadata fetch

[18:33:08] processing 3K7dTgd-2Hw
[18:33:10] [FAIL] metadata fetch

[18:33:21] processing 3K7dTgd-2Hw
[18:33:23] [FAIL] metadata fetch

[18:33:34] processing 3K7dTgd-2Hw
[18:33:35] [FAIL] metadata fetch

[18:33:46] processing 3K7dTgd-2Hw
[18:33:48] [FAIL] metadata fetch

[18:33:59] processing 3K7dTgd-2Hw
[18:34:00] [FAIL] metadata fetch

[18:34:11] processing 3K7dTgd-2Hw
[18:34:13] [FAIL] metadata fetch

[18:34:24] processing 3K7dTgd-2Hw
[18:34:25] [FAIL] metadata fetch

[18:34:36] processing 3K7dTgd-2Hw
[18:34:38] [FAIL] metadata fetch

[18:34:48] processing 3K7dTgd-2Hw
[18:34:50] [FAIL] metadata fetch

[18:35:01] processing 3K7dTgd-2Hw
[18:35:02] [FAIL] metadata fetch

[18:35:13] processing 3K7dTgd-2Hw
[18:35:15] [FAIL] metadata fetch

[18:35:26] processing 3K7dTgd-2Hw
[18:35:32] [FAIL] metadata fetch

[18:35:42] processing 3K7dTgd-2Hw
[18:35:45] [FAIL] metadata fetch

[18:35:55] processing 3K7dTgd-2Hw
[18:35:57] [FAIL] metadata fetch

[18:36:08] processing 3K7dTgd-2Hw
[18:36:09] [FAIL] metadata fetch

[18:36:20] processing 3K7dTgd-2Hw
[18:36:22] [FAIL] metadata fetch

[18:36:33] processing 3K7dTgd-2Hw
[18:36:35] [FAIL] metadata fetch

[18:36:46] processing 3K7dTgd-2Hw
[18:36:49] [FAIL] metadata fetch

[18:36:59] processing 3K7dTgd-2Hw
[18:37:01] [FAIL] metadata fetch

[18:37:12] processing 3K7dTgd-2Hw
[18:37:14] [FAIL] metadata fetch

[18:37:24] processing 3K7dTgd-2Hw
[18:37:26] [FAIL] metadata fetch

[18:37:37] processing 3K7dTgd-2Hw
[18:37:38] [FAIL] metadata fetch

[18:37:49] processing 3K7dTgd-2Hw
[18:37:51] [FAIL] metadata fetch

[18:38:01] processing 3K7dTgd-2Hw
[18:38:03] [FAIL] metadata fetch

[18:38:14] processing 3K7dTgd-2Hw
[18:38:15] [FAIL] metadata fetch

[18:38:26] processing 3K7dTgd-2Hw
[18:38:28] [FAIL] metadata fetch

[18:38:39] processing 3K7dTgd-2Hw
[18:38:40] [FAIL] metadata fetch

[18:38:51] processing 3K7dTgd-2Hw
[18:38:53] [FAIL] metadata fetch

[18:39:04] processing 3K7dTgd-2Hw
[18:39:05] [FAIL] metadata fetch

[18:39:16] processing 3K7dTgd-2Hw
[18:39:17] [FAIL] metadata fetch

[18:39:28] processing 3K7dTgd-2Hw
[18:39:30] [FAIL] metadata fetch

[18:39:40] processing 3K7dTgd-2Hw
[18:39:42] [FAIL] metadata fetch

[18:39:53] processing 3K7dTgd-2Hw
[18:39:54] [FAIL] metadata fetch

[18:40:05] processing 3K7dTgd-2Hw
[18:40:07] [FAIL] metadata fetch

[18:40:17] processing 3K7dTgd-2Hw
[18:40:19] [FAIL] metadata fetch

[18:40:30] processing 3K7dTgd-2Hw
[18:40:32] [FAIL] metadata fetch

[18:40:42] processing 3K7dTgd-2Hw
[18:40:44] [FAIL] metadata fetch

[18:40:55] processing 3K7dTgd-2Hw
[18:40:56] [FAIL] metadata fetch

[18:41:07] processing 3K7dTgd-2Hw
[18:41:09] [FAIL] metadata fetch

[18:41:19] processing 3K7dTgd-2Hw
[18:41:21] [FAIL] metadata fetch

[18:41:32] processing 3K7dTgd-2Hw
[18:41:33] [FAIL] metadata fetch

[18:41:44] processing 3K7dTgd-2Hw
[18:41:46] [FAIL] metadata fetch

[18:41:57] processing 3K7dTgd-2Hw
[18:41:59] [FAIL] metadata fetch

[18:42:10] processing 3K7dTgd-2Hw
[18:42:11] [FAIL] metadata fetch

[18:42:22] processing 3K7dTgd-2Hw
[18:42:23] [FAIL] metadata fetch

[18:42:34] processing 3K7dTgd-2Hw
[18:42:36] [FAIL] metadata fetch

[18:42:46] processing 3K7dTgd-2Hw
[18:42:48] [FAIL] metadata fetch

[18:42:59] processing 3K7dTgd-2Hw
[18:43:01] [FAIL] metadata fetch

[18:43:12] processing 3K7dTgd-2Hw
[18:43:14] [FAIL] metadata fetch

[18:43:25] processing 3K7dTgd-2Hw
[18:43:26] [FAIL] metadata fetch

[18:43:37] processing 3K7dTgd-2Hw
[18:43:39] [FAIL] metadata fetch

[18:43:49] processing 3K7dTgd-2Hw
[18:43:51] [FAIL] metadata fetch

[18:44:02] processing 3K7dTgd-2Hw
[18:44:03] [FAIL] metadata fetch

[18:44:14] processing 3K7dTgd-2Hw
[18:44:16] [FAIL] metadata fetch

[18:44:27] processing 3K7dTgd-2Hw
[18:44:29] [FAIL] metadata fetch

[18:44:39] processing 3K7dTgd-2Hw
[18:44:41] [FAIL] metadata fetch

[18:44:52] processing 3K7dTgd-2Hw
[18:44:54] [FAIL] metadata fetch

[18:45:04] processing 3K7dTgd-2Hw
[18:45:06] [FAIL] metadata fetch

[18:45:17] processing 3K7dTgd-2Hw
[18:45:19] [FAIL] metadata fetch

[18:45:30] processing 3K7dTgd-2Hw
[18:45:32] [FAIL] metadata fetch

[18:45:42] processing 3K7dTgd-2Hw
[18:45:44] [FAIL] metadata fetch

[18:45:55] processing 3K7dTgd-2Hw
[18:45:57] [FAIL] metadata fetch

[18:46:07] processing 3K7dTgd-2Hw
[18:46:09] [FAIL] metadata fetch

[18:46:20] processing 3K7dTgd-2Hw
[18:46:22] [FAIL] metadata fetch

[18:46:33] processing 3K7dTgd-2Hw
[18:46:34] [FAIL] metadata fetch

[18:46:45] processing 3K7dTgd-2Hw
[18:46:47] [FAIL] metadata fetch

[18:46:58] processing 3K7dTgd-2Hw
[18:46:59] [FAIL] metadata fetch

[18:47:10] processing 3K7dTgd-2Hw
[18:47:12] [FAIL] metadata fetch

[18:47:23] processing 3K7dTgd-2Hw
[18:47:25] [FAIL] metadata fetch

[18:47:35] processing 3K7dTgd-2Hw
[18:47:37] [FAIL] metadata fetch

[18:47:47] processing 3K7dTgd-2Hw
[18:47:50] [FAIL] metadata fetch

[18:48:01] processing 3K7dTgd-2Hw
[18:48:03] [FAIL] metadata fetch

[18:48:13] processing 3K7dTgd-2Hw
[18:48:15] [FAIL] metadata fetch

[18:48:26] processing 3K7dTgd-2Hw
[18:48:28] [FAIL] metadata fetch

[18:48:39] processing 3K7dTgd-2Hw
[18:48:40] [FAIL] metadata fetch

[18:48:51] processing 3K7dTgd-2Hw
[18:48:53] [FAIL] metadata fetch

[18:49:03] processing 3K7dTgd-2Hw
[18:49:05] [FAIL] metadata fetch

[18:49:16] processing 3K7dTgd-2Hw
[18:49:17] [FAIL] metadata fetch

[18:49:28] processing 3K7dTgd-2Hw
[18:49:30] [FAIL] metadata fetch

[18:49:41] processing 3K7dTgd-2Hw
[18:49:42] [FAIL] metadata fetch

[18:49:53] processing 3K7dTgd-2Hw
[18:49:55] [FAIL] metadata fetch

[18:50:05] processing 3K7dTgd-2Hw
[18:50:07] [FAIL] metadata fetch

[18:50:17] processing 3K7dTgd-2Hw
[18:50:19] [FAIL] metadata fetch

[18:50:30] processing 3K7dTgd-2Hw
[18:50:32] [FAIL] metadata fetch

[18:50:43] processing 3K7dTgd-2Hw
[18:50:45] [FAIL] metadata fetch

[18:50:56] processing 3K7dTgd-2Hw
[18:50:58] [FAIL] metadata fetch

[18:51:08] processing 3K7dTgd-2Hw
[18:51:10] [FAIL] metadata fetch

[18:51:21] processing 3K7dTgd-2Hw
[18:51:23] [FAIL] metadata fetch

[18:51:34] processing 3K7dTgd-2Hw
[18:51:35] [FAIL] metadata fetch

[18:51:46] processing 3K7dTgd-2Hw
[18:51:48] [FAIL] metadata fetch

[18:51:59] processing 3K7dTgd-2Hw
[18:52:00] [FAIL] metadata fetch

[18:52:11] processing 3K7dTgd-2Hw
[18:52:13] [FAIL] metadata fetch

[18:52:23] processing 3K7dTgd-2Hw
[18:52:26] [FAIL] metadata fetch

[18:52:37] processing 3K7dTgd-2Hw
[18:52:38] [FAIL] metadata fetch

[18:52:49] processing 3K7dTgd-2Hw
[18:52:51] [FAIL] metadata fetch

[18:53:02] processing 3K7dTgd-2Hw
[18:53:04] [FAIL] metadata fetch

[18:53:14] processing 3K7dTgd-2Hw
[18:53:16] [FAIL] metadata fetch

[18:53:27] processing 3K7dTgd-2Hw
[18:53:28] [FAIL] metadata fetch

[18:53:39] processing 3K7dTgd-2Hw
[18:53:40] [FAIL] metadata fetch

[18:53:51] processing 3K7dTgd-2Hw
[18:53:53] [FAIL] metadata fetch

[18:54:04] processing 3K7dTgd-2Hw
[18:54:06] [FAIL] metadata fetch

[18:54:17] processing 3K7dTgd-2Hw
[18:54:18] [FAIL] metadata fetch

[18:54:29] processing 3K7dTgd-2Hw
[18:54:31] [FAIL] metadata fetch

[18:54:41] processing 3K7dTgd-2Hw
[18:54:43] [FAIL] metadata fetch

[18:54:54] processing 3K7dTgd-2Hw
[18:54:56] [FAIL] metadata fetch

[18:55:06] processing 3K7dTgd-2Hw
[18:55:08] [FAIL] metadata fetch

[18:55:19] processing 3K7dTgd-2Hw
[18:55:21] [FAIL] metadata fetch

[18:55:32] processing 3K7dTgd-2Hw
[18:55:34] [FAIL] metadata fetch

[18:55:44] processing 3K7dTgd-2Hw
[18:55:46] [FAIL] metadata fetch

[18:55:57] processing 3K7dTgd-2Hw
[18:55:59] [FAIL] metadata fetch

[18:56:09] processing 3K7dTgd-2Hw
[18:56:12] [FAIL] metadata fetch

[18:56:22] processing 3K7dTgd-2Hw
[18:56:24] [FAIL] metadata fetch

[18:56:35] processing 3K7dTgd-2Hw
[18:56:36] [FAIL] metadata fetch

[18:56:47] processing 3K7dTgd-2Hw
[18:56:49] [FAIL] metadata fetch

[18:56:59] processing 3K7dTgd-2Hw
[18:57:02] [FAIL] metadata fetch

[18:57:12] processing 3K7dTgd-2Hw
[18:57:14] [FAIL] metadata fetch

[18:57:25] processing 3K7dTgd-2Hw
[18:57:26] [FAIL] metadata fetch

[18:57:37] processing 3K7dTgd-2Hw
[18:57:39] [FAIL] metadata fetch

[18:57:49] processing 3K7dTgd-2Hw
[18:57:51] [FAIL] metadata fetch

[18:58:02] processing 3K7dTgd-2Hw
[18:58:03] [FAIL] metadata fetch

[18:58:14] processing 3K7dTgd-2Hw
[18:58:15] [FAIL] metadata fetch

[18:58:26] processing 3K7dTgd-2Hw
[18:58:28] [FAIL] metadata fetch

[18:58:38] processing 3K7dTgd-2Hw
[18:58:40] [FAIL] metadata fetch

[18:58:51] processing 3K7dTgd-2Hw
[18:58:52] [FAIL] metadata fetch

[18:59:03] processing 3K7dTgd-2Hw
[18:59:05] [FAIL] metadata fetch

[18:59:15] processing 3K7dTgd-2Hw
[18:59:18] [FAIL] metadata fetch

[18:59:28] processing 3K7dTgd-2Hw
[18:59:30] [FAIL] metadata fetch

[18:59:40] processing 3K7dTgd-2Hw
[18:59:42] [FAIL] metadata fetch

[18:59:53] processing 3K7dTgd-2Hw
[18:59:54] [FAIL] metadata fetch

[19:00:05] processing 3K7dTgd-2Hw
[19:00:07] [FAIL] metadata fetch

[19:00:17] processing 3K7dTgd-2Hw
[19:00:19] [FAIL] metadata fetch

[19:00:30] processing 3K7dTgd-2Hw
[19:00:31] [FAIL] metadata fetch

[19:00:42] processing 3K7dTgd-2Hw
[19:00:44] [FAIL] metadata fetch

[19:00:55] processing 3K7dTgd-2Hw
[19:00:56] [FAIL] metadata fetch

[19:01:07] processing 3K7dTgd-2Hw
[19:01:09] [FAIL] metadata fetch

[19:01:20] processing 3K7dTgd-2Hw
[19:01:22] [FAIL] metadata fetch

[19:01:33] processing 3K7dTgd-2Hw
[19:01:35] [FAIL] metadata fetch

[19:01:45] processing 3K7dTgd-2Hw
[19:01:47] [FAIL] metadata fetch

[19:01:58] processing 3K7dTgd-2Hw
[19:01:59] [FAIL] metadata fetch

[19:02:10] processing 3K7dTgd-2Hw
[19:02:12] [FAIL] metadata fetch

[19:02:23] processing 3K7dTgd-2Hw
[19:02:24] [FAIL] metadata fetch

[19:02:35] processing 3K7dTgd-2Hw
[19:02:37] [FAIL] metadata fetch

[19:02:47] processing 3K7dTgd-2Hw
[19:02:50] [FAIL] metadata fetch

[19:03:01] processing 3K7dTgd-2Hw
[19:03:03] [FAIL] metadata fetch

[19:03:13] processing 3K7dTgd-2Hw
[19:03:16] [FAIL] metadata fetch

[19:03:27] processing 3K7dTgd-2Hw
[19:03:47] [FAIL] metadata fetch

[19:03:58] processing 3K7dTgd-2Hw
[19:04:00] [FAIL] metadata fetch

[19:04:10] processing 3K7dTgd-2Hw
[19:04:12] [FAIL] metadata fetch

[19:04:23] processing 3K7dTgd-2Hw
[19:04:28] [FAIL] metadata fetch

[19:04:39] processing 3K7dTgd-2Hw
[19:04:40] [FAIL] metadata fetch

[19:04:51] processing 3K7dTgd-2Hw
[19:04:52] [FAIL] metadata fetch

[19:05:03] processing 3K7dTgd-2Hw
[19:05:05] [FAIL] metadata fetch

[19:05:15] processing 3K7dTgd-2Hw
[19:05:17] [FAIL] metadata fetch

[19:05:28] processing 3K7dTgd-2Hw
[19:05:29] [FAIL] metadata fetch

[19:05:40] processing 3K7dTgd-2Hw
[19:05:42] [FAIL] metadata fetch

[19:05:53] processing 3K7dTgd-2Hw
[19:05:55] [FAIL] metadata fetch

[19:06:06] processing 3K7dTgd-2Hw
[19:06:07] [FAIL] metadata fetch

[19:06:18] processing 3K7dTgd-2Hw
[19:06:20] [FAIL] metadata fetch

[19:06:30] processing 3K7dTgd-2Hw
[19:06:32] [FAIL] metadata fetch

[19:06:43] processing 3K7dTgd-2Hw
[19:06:45] [FAIL] metadata fetch

[19:06:55] processing 3K7dTgd-2Hw
[19:06:57] [FAIL] metadata fetch

[19:07:08] processing 3K7dTgd-2Hw
[19:07:10] [FAIL] metadata fetch

[19:07:21] processing 3K7dTgd-2Hw
[19:07:22] [FAIL] metadata fetch

[19:07:33] processing 3K7dTgd-2Hw
[19:07:35] [FAIL] metadata fetch

[19:07:46] processing 3K7dTgd-2Hw
[19:07:47] [FAIL] metadata fetch

[19:07:58] processing 3K7dTgd-2Hw
[19:07:59] [FAIL] metadata fetch

[19:08:10] processing 3K7dTgd-2Hw
[19:08:12] [FAIL] metadata fetch

[19:08:23] processing 3K7dTgd-2Hw
[19:08:24] [FAIL] metadata fetch

[19:08:35] processing 3K7dTgd-2Hw
[19:08:37] [FAIL] metadata fetch

[19:08:47] processing 3K7dTgd-2Hw
[19:08:50] [FAIL] metadata fetch

[19:09:00] processing 3K7dTgd-2Hw
[19:09:02] [FAIL] metadata fetch

[19:09:13] processing 3K7dTgd-2Hw
[19:09:15] [FAIL] metadata fetch

[19:09:26] processing 3K7dTgd-2Hw
[19:09:27] [FAIL] metadata fetch

[19:09:38] processing 3K7dTgd-2Hw
[19:09:40] [FAIL] metadata fetch

[19:09:51] processing 3K7dTgd-2Hw
[19:09:52] [FAIL] metadata fetch

[19:10:03] processing 3K7dTgd-2Hw
[19:10:05] [FAIL] metadata fetch

[19:10:15] processing 3K7dTgd-2Hw
[19:10:18] [FAIL] metadata fetch

[19:10:28] processing 3K7dTgd-2Hw
[19:10:30] [FAIL] metadata fetch

[19:10:41] processing 3K7dTgd-2Hw
[19:10:42] [FAIL] metadata fetch

[19:10:53] processing 3K7dTgd-2Hw
[19:10:54] [FAIL] metadata fetch

[19:11:05] processing 3K7dTgd-2Hw
[19:11:07] [FAIL] metadata fetch

[19:11:17] processing 3K7dTgd-2Hw
[19:11:19] [FAIL] metadata fetch

[19:11:30] processing 3K7dTgd-2Hw
[19:11:34] [FAIL] metadata fetch

[19:11:45] processing 3K7dTgd-2Hw
[19:11:47] [FAIL] metadata fetch

[19:11:58] processing 3K7dTgd-2Hw
[19:12:00] [FAIL] metadata fetch

[19:12:11] processing 3K7dTgd-2Hw
[19:12:12] [FAIL] metadata fetch

[19:12:23] processing 3K7dTgd-2Hw
[19:12:25] [FAIL] metadata fetch

[19:12:35] processing 3K7dTgd-2Hw
[19:12:37] [FAIL] metadata fetch

[19:12:48] processing 3K7dTgd-2Hw
[19:12:50] [FAIL] metadata fetch

[19:13:01] processing 3K7dTgd-2Hw
[19:13:03] [FAIL] metadata fetch

[19:13:13] processing 3K7dTgd-2Hw
[19:13:15] [FAIL] metadata fetch

[19:13:26] processing 3K7dTgd-2Hw
[19:13:27] [FAIL] metadata fetch

[19:13:38] processing 3K7dTgd-2Hw
[19:13:40] [FAIL] metadata fetch

[19:13:51] processing 3K7dTgd-2Hw
[19:13:52] [FAIL] metadata fetch

[19:14:02] processing 3K7dTgd-2Hw
[19:14:04] [FAIL] metadata fetch

[19:14:15] processing 3K7dTgd-2Hw
[19:14:17] [FAIL] metadata fetch

[19:14:27] processing 3K7dTgd-2Hw
[19:14:29] [FAIL] metadata fetch

[19:14:39] processing 3K7dTgd-2Hw
[19:14:41] [FAIL] metadata fetch

[19:14:51] processing 3K7dTgd-2Hw
[19:14:53] [FAIL] metadata fetch

[19:15:04] processing 3K7dTgd-2Hw
[19:15:06] [FAIL] metadata fetch

[19:15:16] processing 3K7dTgd-2Hw
[19:15:18] [FAIL] metadata fetch

[19:15:28] processing 3K7dTgd-2Hw
[19:15:30] [FAIL] metadata fetch

[19:15:40] processing 3K7dTgd-2Hw
[19:15:42] [FAIL] metadata fetch

[19:15:53] processing 3K7dTgd-2Hw
[19:15:55] [FAIL] metadata fetch

[19:16:05] processing 3K7dTgd-2Hw
[19:16:08] [FAIL] metadata fetch

[19:16:18] processing 3K7dTgd-2Hw
[19:16:21] [FAIL] metadata fetch

[19:16:32] processing 3K7dTgd-2Hw
[19:16:33] [FAIL] metadata fetch

[19:16:44] processing 3K7dTgd-2Hw
[19:16:47] [FAIL] metadata fetch

[19:16:57] processing 3K7dTgd-2Hw
[19:16:59] [FAIL] metadata fetch

[19:17:10] processing 3K7dTgd-2Hw
[19:17:12] [FAIL] metadata fetch

[19:17:23] processing 3K7dTgd-2Hw
[19:17:24] [FAIL] metadata fetch

[19:17:35] processing 3K7dTgd-2Hw
[19:17:36] [FAIL] metadata fetch

[19:17:47] processing 3K7dTgd-2Hw
[19:17:50] [FAIL] metadata fetch

[19:18:01] processing 3K7dTgd-2Hw
[19:18:03] [FAIL] metadata fetch

[19:18:14] processing 3K7dTgd-2Hw
[19:18:16] [FAIL] metadata fetch

[19:18:27] processing 3K7dTgd-2Hw
[19:18:29] [FAIL] metadata fetch

[19:18:39] processing 3K7dTgd-2Hw
[19:18:41] [FAIL] metadata fetch

[19:18:52] processing 3K7dTgd-2Hw
[19:18:53] [FAIL] metadata fetch

[19:19:04] processing 3K7dTgd-2Hw
[19:19:06] [FAIL] metadata fetch

[19:19:16] processing 3K7dTgd-2Hw
[19:19:18] [FAIL] metadata fetch

[19:19:29] processing 3K7dTgd-2Hw
[19:19:30] [FAIL] metadata fetch

[19:19:41] processing 3K7dTgd-2Hw
[19:19:43] [FAIL] metadata fetch

[19:19:53] processing 3K7dTgd-2Hw
[19:19:56] [FAIL] metadata fetch

[19:20:06] processing 3K7dTgd-2Hw
[19:20:08] [FAIL] metadata fetch

[19:20:18] processing 3K7dTgd-2Hw
[19:20:20] [FAIL] metadata fetch

[19:20:31] processing 3K7dTgd-2Hw
[19:20:32] [FAIL] metadata fetch

[19:20:43] processing 3K7dTgd-2Hw
[19:20:45] [FAIL] metadata fetch

[19:20:56] processing 3K7dTgd-2Hw
[19:20:58] [FAIL] metadata fetch

[19:21:08] processing 3K7dTgd-2Hw
[19:21:10] [FAIL] metadata fetch

[19:21:21] processing 3K7dTgd-2Hw
[19:21:23] [FAIL] metadata fetch

[19:21:34] processing 3K7dTgd-2Hw
[19:21:35] [FAIL] metadata fetch

[19:21:46] processing 3K7dTgd-2Hw
[19:21:48] [FAIL] metadata fetch

[19:21:58] processing 3K7dTgd-2Hw
[19:22:00] [FAIL] metadata fetch

[19:22:11] processing 3K7dTgd-2Hw
[19:22:13] [FAIL] metadata fetch

[19:22:24] processing 3K7dTgd-2Hw
[19:22:26] [FAIL] metadata fetch

[19:22:36] processing 3K7dTgd-2Hw
[19:22:38] [FAIL] metadata fetch

[19:22:49] processing 3K7dTgd-2Hw
[19:22:51] [FAIL] metadata fetch

[19:23:02] processing 3K7dTgd-2Hw
[19:23:04] [FAIL] metadata fetch

[19:23:15] processing 3K7dTgd-2Hw
[19:23:16] [FAIL] metadata fetch

[19:23:27] processing 3K7dTgd-2Hw
[19:23:29] [FAIL] metadata fetch

[19:23:39] processing 3K7dTgd-2Hw
[19:23:41] [FAIL] metadata fetch

[19:23:52] processing 3K7dTgd-2Hw
[19:23:53] [FAIL] metadata fetch

[19:24:04] processing 3K7dTgd-2Hw
[19:24:05] [FAIL] metadata fetch

[19:24:16] processing 3K7dTgd-2Hw
[19:24:18] [FAIL] metadata fetch

[19:24:28] processing 3K7dTgd-2Hw
[19:24:30] [FAIL] metadata fetch

[19:24:41] processing 3K7dTgd-2Hw
[19:24:43] [FAIL] metadata fetch

[19:24:53] processing 3K7dTgd-2Hw
[19:24:55] [FAIL] metadata fetch

[19:25:05] processing 3K7dTgd-2Hw
[19:25:07] [FAIL] metadata fetch

[19:25:18] processing 3K7dTgd-2Hw
[19:25:19] [FAIL] metadata fetch

[19:25:30] processing 3K7dTgd-2Hw
[19:25:32] [FAIL] metadata fetch

[19:25:43] processing 3K7dTgd-2Hw
[19:25:46] [FAIL] metadata fetch

[19:25:56] processing 3K7dTgd-2Hw
[19:25:58] [FAIL] metadata fetch

[19:26:08] processing 3K7dTgd-2Hw
[19:26:10] [FAIL] metadata fetch

[19:26:21] processing 3K7dTgd-2Hw
[19:26:22] [FAIL] metadata fetch

[19:26:33] processing 3K7dTgd-2Hw
[19:26:35] [FAIL] metadata fetch

[19:26:46] processing 3K7dTgd-2Hw
[19:26:48] [FAIL] metadata fetch

[19:26:58] processing 3K7dTgd-2Hw
[19:27:00] [FAIL] metadata fetch

[19:27:10] processing 3K7dTgd-2Hw
[19:27:12] [FAIL] metadata fetch

[19:27:23] processing 3K7dTgd-2Hw
[19:27:25] [FAIL] metadata fetch

[19:27:36] processing 3K7dTgd-2Hw
[19:27:38] [FAIL] metadata fetch

[19:27:49] processing 3K7dTgd-2Hw
[19:27:52] [FAIL] metadata fetch

[19:28:03] processing 3K7dTgd-2Hw
[19:28:04] [FAIL] metadata fetch

[19:28:15] processing 3K7dTgd-2Hw
[19:28:17] [FAIL] metadata fetch

[19:28:28] processing 3K7dTgd-2Hw
[19:28:30] [FAIL] metadata fetch

[19:28:41] processing 3K7dTgd-2Hw
[19:28:43] [FAIL] metadata fetch

[19:28:53] processing 3K7dTgd-2Hw
[19:28:55] [FAIL] metadata fetch

[19:29:06] processing 3K7dTgd-2Hw
[19:29:07] [FAIL] metadata fetch

[19:29:18] processing 3K7dTgd-2Hw
[19:29:20] [FAIL] metadata fetch

[19:29:31] processing 3K7dTgd-2Hw
[19:29:33] [FAIL] metadata fetch

[19:29:43] processing 3K7dTgd-2Hw
[19:29:45] [FAIL] metadata fetch

[19:29:56] processing 3K7dTgd-2Hw
[19:29:58] [FAIL] metadata fetch

[19:30:08] processing 3K7dTgd-2Hw
[19:30:10] [FAIL] metadata fetch

[19:30:21] processing 3K7dTgd-2Hw
[19:30:22] [FAIL] metadata fetch

[19:30:33] processing 3K7dTgd-2Hw
[19:30:35] [FAIL] metadata fetch

[19:30:45] processing 3K7dTgd-2Hw
[19:30:47] [FAIL] metadata fetch

[19:30:58] processing 3K7dTgd-2Hw
[19:31:00] [FAIL] metadata fetch

[19:31:11] processing 3K7dTgd-2Hw
[19:31:12] [FAIL] metadata fetch

[19:31:23] processing 3K7dTgd-2Hw
[19:31:25] [FAIL] metadata fetch

[19:31:35] processing 3K7dTgd-2Hw
[19:31:38] [FAIL] metadata fetch

[19:31:48] processing 3K7dTgd-2Hw
[19:31:51] [FAIL] metadata fetch

[19:32:01] processing 3K7dTgd-2Hw
[19:32:03] [FAIL] metadata fetch

[19:32:13] processing 3K7dTgd-2Hw
[19:32:15] [FAIL] metadata fetch

[19:32:26] processing 3K7dTgd-2Hw
[19:32:27] [FAIL] metadata fetch

[19:32:38] processing 3K7dTgd-2Hw
[19:32:39] [FAIL] metadata fetch

[19:32:50] processing 3K7dTgd-2Hw
[19:32:52] [FAIL] metadata fetch

[19:33:02] processing 3K7dTgd-2Hw
[19:33:04] [FAIL] metadata fetch

[19:33:14] processing 3K7dTgd-2Hw
[19:33:16] [FAIL] metadata fetch

[19:33:27] processing 3K7dTgd-2Hw
[19:33:29] [FAIL] metadata fetch

[19:33:39] processing 3K7dTgd-2Hw
[19:33:41] [FAIL] metadata fetch

[19:33:51] processing 3K7dTgd-2Hw
[19:33:53] [FAIL] metadata fetch

[19:34:04] processing 3K7dTgd-2Hw
[19:34:06] [FAIL] metadata fetch

[19:34:16] processing 3K7dTgd-2Hw
[19:34:18] [FAIL] metadata fetch

[19:34:29] processing 3K7dTgd-2Hw
[19:34:31] [FAIL] metadata fetch

[19:34:41] processing 3K7dTgd-2Hw
[19:34:43] [FAIL] metadata fetch

[19:34:54] processing 3K7dTgd-2Hw
[19:34:55] [FAIL] metadata fetch

[19:35:06] processing 3K7dTgd-2Hw
[19:35:08] [FAIL] metadata fetch

[19:35:18] processing 3K7dTgd-2Hw
[19:35:20] [FAIL] metadata fetch

[19:35:31] processing 3K7dTgd-2Hw
[19:35:33] [FAIL] metadata fetch

[19:35:44] processing 3K7dTgd-2Hw
[19:35:45] [FAIL] metadata fetch

[19:35:56] processing 3K7dTgd-2Hw
[19:35:58] [FAIL] metadata fetch

[19:36:09] processing 3K7dTgd-2Hw
[19:36:11] [FAIL] metadata fetch

[19:36:21] processing 3K7dTgd-2Hw
[19:36:23] [FAIL] metadata fetch

[19:36:33] processing 3K7dTgd-2Hw
[19:36:35] [FAIL] metadata fetch

[19:36:46] processing 3K7dTgd-2Hw
[19:36:47] [FAIL] metadata fetch

[19:36:58] processing 3K7dTgd-2Hw
[19:37:00] [FAIL] metadata fetch

[19:37:10] processing 3K7dTgd-2Hw
[19:37:12] [FAIL] metadata fetch

[19:37:23] processing 3K7dTgd-2Hw
[19:37:25] [FAIL] metadata fetch

[19:37:35] processing 3K7dTgd-2Hw
[19:37:37] [FAIL] metadata fetch

[19:37:48] processing 3K7dTgd-2Hw
[19:37:49] [FAIL] metadata fetch

[19:38:00] processing 3K7dTgd-2Hw
[19:38:02] [FAIL] metadata fetch

[19:38:13] processing 3K7dTgd-2Hw
[19:38:14] [FAIL] metadata fetch

[19:38:25] processing 3K7dTgd-2Hw
[19:38:27] [FAIL] metadata fetch

[19:38:38] processing 3K7dTgd-2Hw
[19:38:39] [FAIL] metadata fetch

[19:38:50] processing 3K7dTgd-2Hw
[19:38:52] [FAIL] metadata fetch

[19:39:03] processing 3K7dTgd-2Hw
[19:39:04] [FAIL] metadata fetch

[19:39:15] processing 3K7dTgd-2Hw
[19:39:17] [FAIL] metadata fetch

[19:39:28] processing 3K7dTgd-2Hw
[19:39:30] [FAIL] metadata fetch

[19:39:40] processing 3K7dTgd-2Hw
[19:39:42] [FAIL] metadata fetch

[19:39:53] processing 3K7dTgd-2Hw
[19:39:54] [FAIL] metadata fetch

[19:40:05] processing 3K7dTgd-2Hw
[19:40:07] [FAIL] metadata fetch

[19:40:17] processing 3K7dTgd-2Hw
[19:40:19] [FAIL] metadata fetch

[19:40:29] processing 3K7dTgd-2Hw
[19:40:31] [FAIL] metadata fetch

[19:40:41] processing 3K7dTgd-2Hw
[19:40:43] [FAIL] metadata fetch

[19:40:54] processing 3K7dTgd-2Hw
[19:40:56] [FAIL] metadata fetch

[19:41:07] processing 3K7dTgd-2Hw
[19:41:09] [FAIL] metadata fetch

[19:41:19] processing 3K7dTgd-2Hw
[19:41:21] [FAIL] metadata fetch

[19:41:32] processing 3K7dTgd-2Hw
[19:41:34] [FAIL] metadata fetch

[19:41:44] processing 3K7dTgd-2Hw
[19:41:46] [FAIL] metadata fetch

[19:41:57] processing 3K7dTgd-2Hw
[19:41:59] [FAIL] metadata fetch

[19:42:09] processing 3K7dTgd-2Hw
[19:42:11] [FAIL] metadata fetch

[19:42:22] processing 3K7dTgd-2Hw
[19:42:24] [FAIL] metadata fetch

[19:42:34] processing 3K7dTgd-2Hw
[19:42:36] [FAIL] metadata fetch

[19:42:47] processing 3K7dTgd-2Hw
[19:42:48] [FAIL] metadata fetch

[19:42:59] processing 3K7dTgd-2Hw
[19:43:01] [FAIL] metadata fetch

[19:43:11] processing 3K7dTgd-2Hw
[19:43:13] [FAIL] metadata fetch

[19:43:23] processing 3K7dTgd-2Hw
[19:43:25] [FAIL] metadata fetch

[19:43:36] processing 3K7dTgd-2Hw
[19:43:38] [FAIL] metadata fetch

[19:43:48] processing 3K7dTgd-2Hw
[19:43:51] [FAIL] metadata fetch

[19:44:02] processing 3K7dTgd-2Hw
[19:44:03] [FAIL] metadata fetch

[19:44:14] processing 3K7dTgd-2Hw
[19:44:16] [FAIL] metadata fetch

[19:44:26] processing 3K7dTgd-2Hw
[19:44:29] [FAIL] metadata fetch

[19:44:40] processing 3K7dTgd-2Hw
[19:44:42] [FAIL] metadata fetch

[19:44:53] processing 3K7dTgd-2Hw
[19:44:55] [FAIL] metadata fetch

[19:45:06] processing 3K7dTgd-2Hw
[19:45:08] [FAIL] metadata fetch

[19:45:18] processing 3K7dTgd-2Hw
[19:45:21] [FAIL] metadata fetch

[19:45:31] processing 3K7dTgd-2Hw
[19:45:33] [FAIL] metadata fetch

[19:45:44] processing 3K7dTgd-2Hw
[19:45:46] [FAIL] metadata fetch

[19:45:56] processing 3K7dTgd-2Hw
[19:45:58] [FAIL] metadata fetch

[19:46:09] processing 3K7dTgd-2Hw
[19:46:11] [FAIL] metadata fetch

[19:46:22] processing 3K7dTgd-2Hw
[19:46:23] [FAIL] metadata fetch

[19:46:34] processing 3K7dTgd-2Hw
[19:46:36] [FAIL] metadata fetch

[19:46:47] processing 3K7dTgd-2Hw
[19:46:49] [FAIL] metadata fetch

[19:47:00] processing 3K7dTgd-2Hw
[19:47:01] [FAIL] metadata fetch

[19:47:12] processing 3K7dTgd-2Hw
[19:47:13] [FAIL] metadata fetch

[19:47:24] processing 3K7dTgd-2Hw
[19:47:26] [FAIL] metadata fetch

[19:47:37] processing 3K7dTgd-2Hw
[19:47:38] [FAIL] metadata fetch

[19:47:49] processing 3K7dTgd-2Hw
[19:47:51] [FAIL] metadata fetch

[19:48:01] processing 3K7dTgd-2Hw
[19:48:03] [FAIL] metadata fetch

[19:48:14] processing 3K7dTgd-2Hw
[19:48:16] [FAIL] metadata fetch

[19:48:26] processing 3K7dTgd-2Hw
[19:48:28] [FAIL] metadata fetch

[19:48:39] processing 3K7dTgd-2Hw
[19:48:41] [FAIL] metadata fetch

[19:48:51] processing 3K7dTgd-2Hw
[19:48:53] [FAIL] metadata fetch

[19:49:04] processing 3K7dTgd-2Hw
[19:49:06] [FAIL] metadata fetch

[19:49:17] processing 3K7dTgd-2Hw
[19:49:19] [FAIL] metadata fetch

[19:49:29] processing 3K7dTgd-2Hw
[19:49:31] [FAIL] metadata fetch

[19:49:42] processing 3K7dTgd-2Hw
[19:49:43] [FAIL] metadata fetch

[19:49:54] processing 3K7dTgd-2Hw
[19:49:55] [FAIL] metadata fetch

[19:50:06] processing 3K7dTgd-2Hw
[19:50:08] [FAIL] metadata fetch

[19:50:19] processing 3K7dTgd-2Hw
[19:50:21] [FAIL] metadata fetch

[19:50:31] processing 3K7dTgd-2Hw
[19:50:33] [FAIL] metadata fetch

[19:50:44] processing 3K7dTgd-2Hw
[19:50:46] [FAIL] metadata fetch

[19:50:57] processing 3K7dTgd-2Hw
[19:50:58] [FAIL] metadata fetch

[19:51:09] processing 3K7dTgd-2Hw
[19:51:11] [FAIL] metadata fetch

[19:51:21] processing 3K7dTgd-2Hw
[19:51:23] [FAIL] metadata fetch

[19:51:34] processing 3K7dTgd-2Hw
[19:51:35] [FAIL] metadata fetch

[19:51:46] processing 3K7dTgd-2Hw
[19:51:48] [FAIL] metadata fetch

[19:51:59] processing 3K7dTgd-2Hw
[19:52:01] [FAIL] metadata fetch

[19:52:11] processing 3K7dTgd-2Hw
[19:52:13] [FAIL] metadata fetch

[19:52:24] processing 3K7dTgd-2Hw
[19:52:26] [FAIL] metadata fetch

[19:52:36] processing 3K7dTgd-2Hw
[19:52:38] [FAIL] metadata fetch

[19:52:49] processing 3K7dTgd-2Hw
[19:52:50] [FAIL] metadata fetch

[19:53:01] processing 3K7dTgd-2Hw
[19:53:02] [FAIL] metadata fetch

[19:53:13] processing 3K7dTgd-2Hw
[19:53:15] [FAIL] metadata fetch

[19:53:25] processing 3K7dTgd-2Hw
[19:53:28] [FAIL] metadata fetch

[19:53:38] processing 3K7dTgd-2Hw
[19:53:40] [FAIL] metadata fetch

[19:53:51] processing 3K7dTgd-2Hw
[19:53:52] [FAIL] metadata fetch

[19:54:03] processing 3K7dTgd-2Hw
[19:54:05] [FAIL] metadata fetch

[19:54:16] processing 3K7dTgd-2Hw
[19:54:17] [FAIL] metadata fetch

[19:54:28] processing 3K7dTgd-2Hw
[19:54:30] [FAIL] metadata fetch

[19:54:40] processing 3K7dTgd-2Hw
[19:54:42] [FAIL] metadata fetch

[19:54:52] processing 3K7dTgd-2Hw
[19:54:54] [FAIL] metadata fetch

[19:55:05] processing 3K7dTgd-2Hw
[19:55:07] [FAIL] metadata fetch

[19:55:17] processing 3K7dTgd-2Hw
[19:55:20] [FAIL] metadata fetch

[19:55:31] processing 3K7dTgd-2Hw
[19:55:33] [FAIL] metadata fetch

[19:55:43] processing 3K7dTgd-2Hw
[19:55:45] [FAIL] metadata fetch

[19:55:56] processing 3K7dTgd-2Hw
[19:55:57] [FAIL] metadata fetch

[19:56:08] processing 3K7dTgd-2Hw
[19:56:10] [FAIL] metadata fetch

[19:56:21] processing 3K7dTgd-2Hw
[19:56:23] [FAIL] metadata fetch

[19:56:33] processing 3K7dTgd-2Hw
[19:56:36] [FAIL] metadata fetch

[19:56:47] processing 3K7dTgd-2Hw
[19:56:49] [FAIL] metadata fetch

[19:56:59] processing 3K7dTgd-2Hw
[19:57:01] [FAIL] metadata fetch

[19:57:12] processing 3K7dTgd-2Hw
[19:57:13] [FAIL] metadata fetch

[19:57:24] processing 3K7dTgd-2Hw
[19:57:26] [FAIL] metadata fetch

[19:57:36] processing 3K7dTgd-2Hw
[19:57:39] [FAIL] metadata fetch

[19:57:49] processing 3K7dTgd-2Hw
[19:57:51] [FAIL] metadata fetch

[19:58:02] processing 3K7dTgd-2Hw
[19:58:04] [FAIL] metadata fetch

[19:58:15] processing 3K7dTgd-2Hw
[19:58:16] [FAIL] metadata fetch

[19:58:27] processing 3K7dTgd-2Hw
[19:58:29] [FAIL] metadata fetch

[19:58:40] processing 3K7dTgd-2Hw
[19:58:42] [FAIL] metadata fetch

[19:58:53] processing 3K7dTgd-2Hw
[19:58:55] [FAIL] metadata fetch

[19:59:06] processing 3K7dTgd-2Hw
[19:59:08] [FAIL] metadata fetch

[19:59:18] processing 3K7dTgd-2Hw
[19:59:20] [FAIL] metadata fetch

[19:59:30] processing 3K7dTgd-2Hw
[19:59:32] [FAIL] metadata fetch

[19:59:43] processing 3K7dTgd-2Hw
[19:59:44] [FAIL] metadata fetch

[19:59:55] processing 3K7dTgd-2Hw
[19:59:57] [FAIL] metadata fetch

[20:00:07] processing 3K7dTgd-2Hw
[20:00:09] [FAIL] metadata fetch

[20:00:20] processing 3K7dTgd-2Hw
[20:00:23] [FAIL] metadata fetch

[20:00:33] processing 3K7dTgd-2Hw
[20:00:35] [FAIL] metadata fetch

[20:00:46] processing 3K7dTgd-2Hw
[20:00:47] [FAIL] metadata fetch

[20:00:58] processing 3K7dTgd-2Hw
[20:01:00] [FAIL] metadata fetch

[20:01:10] processing 3K7dTgd-2Hw
[20:01:12] [FAIL] metadata fetch

[20:01:22] processing 3K7dTgd-2Hw
[20:01:24] [FAIL] metadata fetch

[20:01:35] processing 3K7dTgd-2Hw
[20:01:36] [FAIL] metadata fetch

[20:01:47] processing 3K7dTgd-2Hw
[20:01:49] [FAIL] metadata fetch

[20:01:59] processing 3K7dTgd-2Hw
[20:02:01] [FAIL] metadata fetch

[20:02:12] processing 3K7dTgd-2Hw
[20:02:14] [FAIL] metadata fetch

[20:02:25] processing 3K7dTgd-2Hw
[20:02:26] [FAIL] metadata fetch

[20:02:37] processing 3K7dTgd-2Hw
[20:02:39] [FAIL] metadata fetch

[20:02:50] processing 3K7dTgd-2Hw
[20:02:53] [FAIL] metadata fetch

[20:03:03] processing 3K7dTgd-2Hw
[20:03:05] [FAIL] metadata fetch

[20:03:16] processing 3K7dTgd-2Hw
[20:03:18] [FAIL] metadata fetch

[20:03:28] processing 3K7dTgd-2Hw
[20:03:30] [FAIL] metadata fetch

[20:03:41] processing 3K7dTgd-2Hw
[20:03:43] [FAIL] metadata fetch

[20:03:54] processing 3K7dTgd-2Hw
[20:03:56] [FAIL] metadata fetch

[20:04:07] processing 3K7dTgd-2Hw
[20:04:09] [FAIL] metadata fetch

[20:04:20] processing 3K7dTgd-2Hw
[20:04:21] [FAIL] metadata fetch

[20:04:32] processing 3K7dTgd-2Hw
[20:04:33] [FAIL] metadata fetch

[20:04:44] processing 3K7dTgd-2Hw
[20:04:46] [FAIL] metadata fetch

[20:04:56] processing 3K7dTgd-2Hw
[20:04:58] [FAIL] metadata fetch

[20:05:09] processing 3K7dTgd-2Hw
[20:05:11] [FAIL] metadata fetch

[20:05:21] processing 3K7dTgd-2Hw
[20:05:23] [FAIL] metadata fetch

[20:05:34] processing 3K7dTgd-2Hw
[20:05:35] [FAIL] metadata fetch

[20:05:46] processing 3K7dTgd-2Hw
[20:05:48] [FAIL] metadata fetch

[20:05:59] processing 3K7dTgd-2Hw
[20:06:00] [FAIL] metadata fetch

[20:06:11] processing 3K7dTgd-2Hw
[20:06:13] [FAIL] metadata fetch

[20:06:24] processing 3K7dTgd-2Hw
[20:06:25] [FAIL] metadata fetch

[20:06:36] processing 3K7dTgd-2Hw
[20:06:38] [FAIL] metadata fetch

[20:06:48] processing 3K7dTgd-2Hw
[20:06:50] [FAIL] metadata fetch

[20:07:01] processing 3K7dTgd-2Hw
[20:07:02] [FAIL] metadata fetch

[20:07:12] processing 3K7dTgd-2Hw
[20:07:14] [FAIL] metadata fetch

[20:07:25] processing 3K7dTgd-2Hw
[20:07:26] [FAIL] metadata fetch

[20:07:37] processing 3K7dTgd-2Hw
[20:07:39] [FAIL] metadata fetch

[20:07:49] processing 3K7dTgd-2Hw
[20:07:52] [FAIL] metadata fetch

[20:08:02] processing 3K7dTgd-2Hw
[20:08:04] [FAIL] metadata fetch

[20:08:15] processing 3K7dTgd-2Hw
[20:08:17] [FAIL] metadata fetch

[20:08:27] processing 3K7dTgd-2Hw
[20:08:29] [FAIL] metadata fetch

[20:08:40] processing 3K7dTgd-2Hw
[20:08:41] [FAIL] metadata fetch

[20:08:52] processing 3K7dTgd-2Hw
[20:08:54] [FAIL] metadata fetch

[20:09:05] processing 3K7dTgd-2Hw
[20:09:06] [FAIL] metadata fetch

[20:09:17] processing 3K7dTgd-2Hw
[20:09:19] [FAIL] metadata fetch

[20:09:29] processing 3K7dTgd-2Hw
[20:09:31] [FAIL] metadata fetch

[20:09:42] processing 3K7dTgd-2Hw
[20:09:43] [FAIL] metadata fetch

[20:09:53] processing 3K7dTgd-2Hw
[20:09:55] [FAIL] metadata fetch

[20:10:06] processing 3K7dTgd-2Hw
[20:10:07] [FAIL] metadata fetch

[20:10:18] processing 3K7dTgd-2Hw
[20:10:20] [FAIL] metadata fetch

[20:10:31] processing 3K7dTgd-2Hw
[20:10:32] [FAIL] metadata fetch

[20:10:43] processing 3K7dTgd-2Hw
[20:10:45] [FAIL] metadata fetch

[20:10:55] processing 3K7dTgd-2Hw
[20:10:57] [FAIL] metadata fetch

[20:11:08] processing 3K7dTgd-2Hw
[20:11:09] [FAIL] metadata fetch

[20:11:20] processing 3K7dTgd-2Hw
[20:11:22] [FAIL] metadata fetch

[20:11:33] processing 3K7dTgd-2Hw
[20:11:34] [FAIL] metadata fetch

[20:11:45] processing 3K7dTgd-2Hw
[20:11:47] [FAIL] metadata fetch

[20:11:57] processing 3K7dTgd-2Hw
[20:12:00] [FAIL] metadata fetch

[20:12:10] processing 3K7dTgd-2Hw
[20:12:12] [FAIL] metadata fetch

[20:12:23] processing 3K7dTgd-2Hw
[20:12:24] [FAIL] metadata fetch

[20:12:35] processing 3K7dTgd-2Hw
[20:12:37] [FAIL] metadata fetch

[20:12:48] processing 3K7dTgd-2Hw
[20:12:50] [FAIL] metadata fetch

[20:13:00] processing 3K7dTgd-2Hw
[20:13:02] [FAIL] metadata fetch

[20:13:13] processing 3K7dTgd-2Hw
[20:13:15] [FAIL] metadata fetch

[20:13:26] processing 3K7dTgd-2Hw
[20:13:27] [FAIL] metadata fetch

[20:13:38] processing 3K7dTgd-2Hw
[20:13:40] [FAIL] metadata fetch

[20:13:51] processing 3K7dTgd-2Hw
[20:13:53] [FAIL] metadata fetch

[20:14:03] processing 3K7dTgd-2Hw
[20:14:05] [FAIL] metadata fetch

[20:14:16] processing 3K7dTgd-2Hw
[20:14:18] [FAIL] metadata fetch

[20:14:28] processing 3K7dTgd-2Hw
[20:14:31] [FAIL] metadata fetch

[20:14:41] processing 3K7dTgd-2Hw
[20:14:43] [FAIL] metadata fetch

[20:14:54] processing 3K7dTgd-2Hw
[20:14:55] [FAIL] metadata fetch

[20:15:06] processing 3K7dTgd-2Hw
[20:15:07] [FAIL] metadata fetch

[20:15:18] processing 3K7dTgd-2Hw
[20:15:20] [FAIL] metadata fetch

[20:15:31] processing 3K7dTgd-2Hw
[20:15:32] [FAIL] metadata fetch

[20:15:43] processing 3K7dTgd-2Hw
[20:15:45] [FAIL] metadata fetch

[20:15:56] processing 3K7dTgd-2Hw
[20:15:57] [FAIL] metadata fetch

[20:16:08] processing 3K7dTgd-2Hw
[20:16:10] [FAIL] metadata fetch

[20:16:21] processing 3K7dTgd-2Hw
[20:16:23] [FAIL] metadata fetch

[20:16:34] processing 3K7dTgd-2Hw
[20:16:35] [FAIL] metadata fetch

[20:16:46] processing 3K7dTgd-2Hw
[20:16:47] [FAIL] metadata fetch

[20:16:58] processing 3K7dTgd-2Hw
[20:17:00] [FAIL] metadata fetch

[20:17:10] processing 3K7dTgd-2Hw
[20:17:13] [FAIL] metadata fetch

[20:17:23] processing 3K7dTgd-2Hw
[20:17:25] [FAIL] metadata fetch

[20:17:36] processing 3K7dTgd-2Hw
[20:17:38] [FAIL] metadata fetch

[20:17:48] processing 3K7dTgd-2Hw
[20:17:50] [FAIL] metadata fetch

[20:18:01] processing 3K7dTgd-2Hw
[20:18:03] [FAIL] metadata fetch

[20:18:14] processing 3K7dTgd-2Hw
[20:18:15] [FAIL] metadata fetch

[20:18:26] processing 3K7dTgd-2Hw
[20:18:28] [FAIL] metadata fetch

[20:18:38] processing 3K7dTgd-2Hw
[20:18:40] [FAIL] metadata fetch

[20:18:51] processing 3K7dTgd-2Hw
[20:18:53] [FAIL] metadata fetch

[20:19:03] processing 3K7dTgd-2Hw
[20:19:05] [FAIL] metadata fetch

[20:19:16] processing 3K7dTgd-2Hw
[20:19:18] [FAIL] metadata fetch

[20:19:28] processing 3K7dTgd-2Hw
[20:19:30] [FAIL] metadata fetch

[20:19:41] processing 3K7dTgd-2Hw
[20:19:42] [FAIL] metadata fetch

[20:19:53] processing 3K7dTgd-2Hw
[20:19:55] [FAIL] metadata fetch

[20:20:05] processing 3K7dTgd-2Hw
[20:20:07] [FAIL] metadata fetch

[20:20:18] processing 3K7dTgd-2Hw
[20:20:19] [FAIL] metadata fetch

[20:20:30] processing 3K7dTgd-2Hw
[20:20:32] [FAIL] metadata fetch

[20:20:43] processing 3K7dTgd-2Hw
[20:20:44] [FAIL] metadata fetch

[20:20:55] processing 3K7dTgd-2Hw
[20:20:56] [FAIL] metadata fetch

[20:21:07] processing 3K7dTgd-2Hw
[20:21:09] [FAIL] metadata fetch

[20:21:20] processing 3K7dTgd-2Hw
[20:21:21] [FAIL] metadata fetch

[20:21:32] processing 3K7dTgd-2Hw
[20:21:34] [FAIL] metadata fetch

[20:21:44] processing 3K7dTgd-2Hw
[20:21:46] [FAIL] metadata fetch

[20:21:57] processing 3K7dTgd-2Hw
[20:21:58] [FAIL] metadata fetch

[20:22:09] processing 3K7dTgd-2Hw
[20:22:11] [FAIL] metadata fetch

[20:22:22] processing 3K7dTgd-2Hw
[20:22:23] [FAIL] metadata fetch

[20:22:34] processing 3K7dTgd-2Hw
[20:22:35] [FAIL] metadata fetch

[20:22:46] processing 3K7dTgd-2Hw
[20:22:48] [FAIL] metadata fetch

[20:22:58] processing 3K7dTgd-2Hw
[20:23:00] [FAIL] metadata fetch

[20:23:11] processing 3K7dTgd-2Hw
[20:23:12] [FAIL] metadata fetch

[20:23:23] processing 3K7dTgd-2Hw
[20:23:25] [FAIL] metadata fetch

[20:23:35] processing 3K7dTgd-2Hw
[20:23:37] [FAIL] metadata fetch

[20:23:48] processing 3K7dTgd-2Hw
[20:23:50] [FAIL] metadata fetch

[20:24:01] processing 3K7dTgd-2Hw
[20:24:03] [FAIL] metadata fetch

[20:24:13] processing 3K7dTgd-2Hw
[20:24:15] [FAIL] metadata fetch

[20:24:26] processing 3K7dTgd-2Hw
[20:24:27] [FAIL] metadata fetch

[20:24:38] processing 3K7dTgd-2Hw
[20:24:40] [FAIL] metadata fetch

[20:24:51] processing 3K7dTgd-2Hw
[20:24:52] [FAIL] metadata fetch

[20:25:03] processing 3K7dTgd-2Hw
[20:25:05] [FAIL] metadata fetch

[20:25:16] processing 3K7dTgd-2Hw
[20:25:18] [FAIL] metadata fetch

[20:25:28] processing 3K7dTgd-2Hw
[20:25:30] [FAIL] metadata fetch

[20:25:40] processing 3K7dTgd-2Hw
[20:25:42] [FAIL] metadata fetch

[20:25:53] processing 3K7dTgd-2Hw
[20:25:54] [FAIL] metadata fetch

[20:26:05] processing 3K7dTgd-2Hw
[20:26:08] [FAIL] metadata fetch

[20:26:19] processing 3K7dTgd-2Hw
[20:26:20] [FAIL] metadata fetch

[20:26:31] processing 3K7dTgd-2Hw
[20:26:32] [FAIL] metadata fetch

[20:26:43] processing 3K7dTgd-2Hw
[20:26:44] [FAIL] metadata fetch

[20:26:55] processing 3K7dTgd-2Hw
[20:26:57] [FAIL] metadata fetch

[20:27:08] processing 3K7dTgd-2Hw
[20:27:09] [FAIL] metadata fetch

[20:27:20] processing 3K7dTgd-2Hw
[20:27:21] [FAIL] metadata fetch

[20:27:32] processing 3K7dTgd-2Hw
[20:27:34] [FAIL] metadata fetch

[20:27:45] processing 3K7dTgd-2Hw
[20:27:46] [FAIL] metadata fetch

[20:27:57] processing 3K7dTgd-2Hw
[20:27:59] [FAIL] metadata fetch

[20:28:10] processing 3K7dTgd-2Hw
[20:28:11] [FAIL] metadata fetch

[20:28:22] processing 3K7dTgd-2Hw
[20:28:23] [FAIL] metadata fetch

[20:28:34] processing 3K7dTgd-2Hw
[20:28:36] [FAIL] metadata fetch

[20:28:46] processing 3K7dTgd-2Hw
[20:28:48] [FAIL] metadata fetch

[20:28:59] processing 3K7dTgd-2Hw
[20:29:01] [FAIL] metadata fetch

[20:29:11] processing 3K7dTgd-2Hw
[20:29:13] [FAIL] metadata fetch

[20:29:24] processing 3K7dTgd-2Hw
[20:29:25] [FAIL] metadata fetch

[20:29:36] processing 3K7dTgd-2Hw
[20:29:38] [FAIL] metadata fetch

[20:29:48] processing 3K7dTgd-2Hw
[20:29:50] [FAIL] metadata fetch

[20:30:01] processing 3K7dTgd-2Hw
[20:30:03] [FAIL] metadata fetch

[20:30:13] processing 3K7dTgd-2Hw
[20:30:15] [FAIL] metadata fetch

[20:30:26] processing 3K7dTgd-2Hw
[20:30:27] [FAIL] metadata fetch

[20:30:38] processing 3K7dTgd-2Hw
[20:30:40] [FAIL] metadata fetch

[20:30:51] processing 3K7dTgd-2Hw
[20:30:53] [FAIL] metadata fetch

[20:31:04] processing 3K7dTgd-2Hw
[20:31:05] [FAIL] metadata fetch

[20:31:16] processing 3K7dTgd-2Hw
[20:31:17] [FAIL] metadata fetch

[20:31:28] processing 3K7dTgd-2Hw
[20:31:29] [FAIL] metadata fetch

[20:31:40] processing 3K7dTgd-2Hw
[20:31:42] [FAIL] metadata fetch

[20:31:53] processing 3K7dTgd-2Hw
[20:31:54] [FAIL] metadata fetch

[20:32:05] processing 3K7dTgd-2Hw
[20:32:07] [FAIL] metadata fetch

[20:32:18] processing 3K7dTgd-2Hw
[20:32:19] [FAIL] metadata fetch

[20:32:30] processing 3K7dTgd-2Hw
[20:32:32] [FAIL] metadata fetch

[20:32:42] processing 3K7dTgd-2Hw
[20:32:44] [FAIL] metadata fetch

[20:32:55] processing 3K7dTgd-2Hw
[20:32:56] [FAIL] metadata fetch

[20:33:07] processing 3K7dTgd-2Hw
[20:33:08] [FAIL] metadata fetch

[20:33:19] processing 3K7dTgd-2Hw
[20:33:21] [FAIL] metadata fetch

[20:33:31] processing 3K7dTgd-2Hw
[20:33:33] [FAIL] metadata fetch

[20:33:43] processing 3K7dTgd-2Hw
[20:33:45] [FAIL] metadata fetch

[20:33:56] processing 3K7dTgd-2Hw
[20:33:57] [FAIL] metadata fetch

[20:34:08] processing 3K7dTgd-2Hw
[20:34:10] [FAIL] metadata fetch

[20:34:20] processing 3K7dTgd-2Hw
[20:34:23] [FAIL] metadata fetch

[20:34:33] processing 3K7dTgd-2Hw
[20:34:35] [FAIL] metadata fetch

[20:34:46] processing 3K7dTgd-2Hw
[20:34:48] [FAIL] metadata fetch

[20:34:59] processing 3K7dTgd-2Hw
[20:35:01] [FAIL] metadata fetch

[20:35:11] processing 3K7dTgd-2Hw
[20:35:13] [FAIL] metadata fetch

[20:35:24] processing 3K7dTgd-2Hw
[20:35:26] [FAIL] metadata fetch

[20:35:37] processing 3K7dTgd-2Hw
[20:35:39] [FAIL] metadata fetch

[20:35:50] processing 3K7dTgd-2Hw
[20:35:51] [FAIL] metadata fetch

[20:36:02] processing 3K7dTgd-2Hw
[20:36:04] [FAIL] metadata fetch

[20:36:14] processing 3K7dTgd-2Hw
[20:36:16] [FAIL] metadata fetch

[20:36:27] processing 3K7dTgd-2Hw
[20:36:29] [FAIL] metadata fetch

[20:36:39] processing 3K7dTgd-2Hw
[20:36:41] [FAIL] metadata fetch

[20:36:52] processing 3K7dTgd-2Hw
[20:36:54] [FAIL] metadata fetch

[20:37:05] processing 3K7dTgd-2Hw
[20:37:06] [FAIL] metadata fetch

[20:37:17] processing 3K7dTgd-2Hw
[20:37:19] [FAIL] metadata fetch

[20:37:30] processing 3K7dTgd-2Hw
[20:37:31] [FAIL] metadata fetch

[20:37:42] processing 3K7dTgd-2Hw
[20:37:44] [FAIL] metadata fetch

[20:37:54] processing 3K7dTgd-2Hw
[20:37:56] [FAIL] metadata fetch

[20:38:07] processing 3K7dTgd-2Hw
[20:38:09] [FAIL] metadata fetch

[20:38:20] processing 3K7dTgd-2Hw
[20:38:22] [FAIL] metadata fetch

[20:38:33] processing 3K7dTgd-2Hw
[20:38:34] [FAIL] metadata fetch

[20:38:45] processing 3K7dTgd-2Hw
[20:38:47] [FAIL] metadata fetch

[20:38:58] processing 3K7dTgd-2Hw
[20:38:59] [FAIL] metadata fetch

[20:39:10] processing 3K7dTgd-2Hw
[20:39:12] [FAIL] metadata fetch

[20:39:22] processing 3K7dTgd-2Hw
[20:39:24] [FAIL] metadata fetch

[20:39:35] processing 3K7dTgd-2Hw
[20:39:37] [FAIL] metadata fetch

[20:39:47] processing 3K7dTgd-2Hw
[20:39:49] [FAIL] metadata fetch

[20:40:00] processing 3K7dTgd-2Hw
[20:40:01] [FAIL] metadata fetch

[20:40:12] processing 3K7dTgd-2Hw
[20:40:13] [FAIL] metadata fetch

[20:40:24] processing 3K7dTgd-2Hw
[20:40:26] [FAIL] metadata fetch

[20:40:36] processing 3K7dTgd-2Hw
[20:40:38] [FAIL] metadata fetch

[20:40:49] processing 3K7dTgd-2Hw
[20:40:51] [FAIL] metadata fetch

[20:41:02] processing 3K7dTgd-2Hw
[20:41:04] [FAIL] metadata fetch

[20:41:14] processing 3K7dTgd-2Hw
[20:41:17] [FAIL] metadata fetch

[20:41:27] processing 3K7dTgd-2Hw
[20:41:29] [FAIL] metadata fetch

[20:41:40] processing 3K7dTgd-2Hw
[20:41:41] [FAIL] metadata fetch

[20:41:52] processing 3K7dTgd-2Hw
[20:41:53] [FAIL] metadata fetch

[20:42:04] processing 3K7dTgd-2Hw
[20:42:06] [FAIL] metadata fetch

[20:42:16] processing 3K7dTgd-2Hw
[20:42:18] [FAIL] metadata fetch

[20:42:29] processing 3K7dTgd-2Hw
[20:42:30] [FAIL] metadata fetch

[20:42:41] processing 3K7dTgd-2Hw
[20:42:42] [FAIL] metadata fetch

[20:42:53] processing 3K7dTgd-2Hw
[20:42:54] [FAIL] metadata fetch

[20:43:05] processing 3K7dTgd-2Hw
[20:43:07] [FAIL] metadata fetch

[20:43:18] processing 3K7dTgd-2Hw
[20:43:20] [FAIL] metadata fetch

[20:43:30] processing 3K7dTgd-2Hw
[20:43:32] [FAIL] metadata fetch

[20:43:43] processing 3K7dTgd-2Hw
[20:43:44] [FAIL] metadata fetch

[20:43:55] processing 3K7dTgd-2Hw
[20:43:57] [FAIL] metadata fetch

[20:44:07] processing 3K7dTgd-2Hw
[20:44:09] [FAIL] metadata fetch

[20:44:20] processing 3K7dTgd-2Hw
[20:44:22] [FAIL] metadata fetch

[20:44:32] processing 3K7dTgd-2Hw
[20:44:34] [FAIL] metadata fetch

[20:44:45] processing 3K7dTgd-2Hw
[20:44:47] [FAIL] metadata fetch

[20:44:58] processing 3K7dTgd-2Hw
[20:44:59] [FAIL] metadata fetch

[20:45:10] processing 3K7dTgd-2Hw
[20:45:12] [FAIL] metadata fetch

[20:45:23] processing 3K7dTgd-2Hw
[20:45:24] [FAIL] metadata fetch

[20:45:35] processing 3K7dTgd-2Hw
[20:45:37] [FAIL] metadata fetch

[20:45:47] processing 3K7dTgd-2Hw
[20:45:49] [FAIL] metadata fetch

[20:46:00] processing 3K7dTgd-2Hw
[20:46:01] [FAIL] metadata fetch

[20:46:12] processing 3K7dTgd-2Hw
[20:46:13] [FAIL] metadata fetch

[20:46:24] processing 3K7dTgd-2Hw
[20:46:26] [FAIL] metadata fetch

[20:46:37] processing 3K7dTgd-2Hw
[20:46:38] [FAIL] metadata fetch

[20:46:49] processing 3K7dTgd-2Hw
[20:46:51] [FAIL] metadata fetch

[20:47:01] processing 3K7dTgd-2Hw
[20:47:03] [FAIL] metadata fetch

[20:47:14] processing 3K7dTgd-2Hw
[20:47:16] [FAIL] metadata fetch

[20:47:27] processing 3K7dTgd-2Hw
[20:47:28] [FAIL] metadata fetch

[20:47:39] processing 3K7dTgd-2Hw
[20:47:41] [FAIL] metadata fetch

[20:47:52] processing 3K7dTgd-2Hw
[20:47:53] [FAIL] metadata fetch

[20:48:04] processing 3K7dTgd-2Hw
[20:48:06] [FAIL] metadata fetch

[20:48:16] processing 3K7dTgd-2Hw
[20:48:20] [FAIL] metadata fetch

[20:48:30] processing 3K7dTgd-2Hw
[20:48:32] [FAIL] metadata fetch

[20:48:43] processing 3K7dTgd-2Hw
[20:48:45] [FAIL] metadata fetch

[20:48:56] processing 3K7dTgd-2Hw
[20:48:57] [FAIL] metadata fetch

[20:49:08] processing 3K7dTgd-2Hw
[20:49:09] [FAIL] metadata fetch

[20:49:20] processing 3K7dTgd-2Hw
[20:49:23] [FAIL] metadata fetch

[20:49:34] processing 3K7dTgd-2Hw
[20:49:36] [FAIL] metadata fetch

[20:49:46] processing 3K7dTgd-2Hw
[20:49:48] [FAIL] metadata fetch

[20:49:58] processing 3K7dTgd-2Hw
[20:50:00] [FAIL] metadata fetch

[20:50:11] processing 3K7dTgd-2Hw
[20:50:13] [FAIL] metadata fetch

[20:50:23] processing 3K7dTgd-2Hw
[20:50:25] [FAIL] metadata fetch

[20:50:36] processing 3K7dTgd-2Hw
[20:50:37] [FAIL] metadata fetch

[20:50:48] processing 3K7dTgd-2Hw
[20:50:49] [FAIL] metadata fetch

[20:51:00] processing 3K7dTgd-2Hw
[20:51:01] [FAIL] metadata fetch

[20:51:12] processing 3K7dTgd-2Hw
[20:51:14] [FAIL] metadata fetch

[20:51:24] processing 3K7dTgd-2Hw
[20:51:27] [FAIL] metadata fetch

[20:51:38] processing 3K7dTgd-2Hw
[20:51:39] [FAIL] metadata fetch

[20:51:50] processing 3K7dTgd-2Hw
[20:51:51] [FAIL] metadata fetch

[20:52:02] processing 3K7dTgd-2Hw
[20:52:04] [FAIL] metadata fetch

[20:52:15] processing 3K7dTgd-2Hw
[20:52:16] [FAIL] metadata fetch

[20:52:27] processing 3K7dTgd-2Hw
[20:52:29] [FAIL] metadata fetch

[20:52:39] processing 3K7dTgd-2Hw
[20:52:41] [FAIL] metadata fetch

[20:52:52] processing 3K7dTgd-2Hw
[20:52:53] [FAIL] metadata fetch

[20:53:04] processing 3K7dTgd-2Hw
[20:53:06] [FAIL] metadata fetch

[20:53:17] processing 3K7dTgd-2Hw
[20:53:19] [FAIL] metadata fetch

[20:53:30] processing 3K7dTgd-2Hw
[20:53:31] [FAIL] metadata fetch

[20:53:42] processing 3K7dTgd-2Hw
[20:53:44] [FAIL] metadata fetch

[20:53:54] processing 3K7dTgd-2Hw
[20:53:56] [FAIL] metadata fetch

[20:54:07] processing 3K7dTgd-2Hw
[20:54:09] [FAIL] metadata fetch

[20:54:20] processing 3K7dTgd-2Hw
[20:54:22] [FAIL] metadata fetch

[20:54:32] processing 3K7dTgd-2Hw
[20:54:36] [FAIL] metadata fetch

[20:54:47] processing 3K7dTgd-2Hw
[20:54:49] [FAIL] metadata fetch

[20:54:59] processing 3K7dTgd-2Hw
[20:55:01] [FAIL] metadata fetch

[20:55:12] processing 3K7dTgd-2Hw
[20:55:14] [FAIL] metadata fetch

[20:55:25] processing 3K7dTgd-2Hw
[20:55:26] [FAIL] metadata fetch

[20:55:37] processing 3K7dTgd-2Hw
[20:55:38] [FAIL] metadata fetch

[20:55:49] processing 3K7dTgd-2Hw
[20:55:51] [FAIL] metadata fetch

[20:56:02] processing 3K7dTgd-2Hw
[20:56:03] [FAIL] metadata fetch

[20:56:14] processing 3K7dTgd-2Hw
[20:56:16] [FAIL] metadata fetch

[20:56:27] processing 3K7dTgd-2Hw
[20:56:28] [FAIL] metadata fetch

[20:56:39] processing 3K7dTgd-2Hw
[20:56:41] [FAIL] metadata fetch

[20:56:51] processing 3K7dTgd-2Hw
[20:56:53] [FAIL] metadata fetch

[20:57:03] processing 3K7dTgd-2Hw
[20:57:05] [FAIL] metadata fetch

[20:57:15] processing 3K7dTgd-2Hw
[20:57:17] [FAIL] metadata fetch

[20:57:28] processing 3K7dTgd-2Hw
[20:57:31] [FAIL] metadata fetch

[20:57:42] processing 3K7dTgd-2Hw
[20:57:43] [FAIL] metadata fetch

[20:57:53] processing 3K7dTgd-2Hw
[20:57:55] [FAIL] metadata fetch

[20:58:06] processing 3K7dTgd-2Hw
[20:58:08] [FAIL] metadata fetch

[20:58:18] processing 3K7dTgd-2Hw
[20:58:20] [FAIL] metadata fetch

[20:58:31] processing 3K7dTgd-2Hw
[20:58:33] [FAIL] metadata fetch

[20:58:43] processing 3K7dTgd-2Hw
[20:58:45] [FAIL] metadata fetch

[20:58:56] processing 3K7dTgd-2Hw
[20:58:58] [FAIL] metadata fetch

[20:59:08] processing 3K7dTgd-2Hw
[20:59:11] [FAIL] metadata fetch

[20:59:22] processing 3K7dTgd-2Hw
[20:59:23] [FAIL] metadata fetch

[20:59:34] processing 3K7dTgd-2Hw
[20:59:35] [FAIL] metadata fetch

[20:59:46] processing 3K7dTgd-2Hw
[20:59:48] [FAIL] metadata fetch

[20:59:58] processing 3K7dTgd-2Hw
[21:00:00] [FAIL] metadata fetch

[21:00:11] processing 3K7dTgd-2Hw
[21:00:12] [FAIL] metadata fetch

[21:00:23] processing 3K7dTgd-2Hw
[21:00:25] [FAIL] metadata fetch

[21:00:35] processing 3K7dTgd-2Hw
[21:00:37] [FAIL] metadata fetch

[21:00:47] processing 3K7dTgd-2Hw
[21:00:49] [FAIL] metadata fetch

[21:01:00] processing 3K7dTgd-2Hw
[21:01:01] [FAIL] metadata fetch

[21:01:12] processing 3K7dTgd-2Hw
[21:01:14] [FAIL] metadata fetch

[21:01:25] processing 3K7dTgd-2Hw
[21:01:26] [FAIL] metadata fetch

[21:01:37] processing 3K7dTgd-2Hw
[21:01:38] [FAIL] metadata fetch

[21:01:49] processing 3K7dTgd-2Hw
[21:01:50] [FAIL] metadata fetch

[21:02:01] processing 3K7dTgd-2Hw
[21:02:03] [FAIL] metadata fetch

[21:02:13] processing 3K7dTgd-2Hw
[21:02:16] [FAIL] metadata fetch

[21:02:26] processing 3K7dTgd-2Hw
[21:02:28] [FAIL] metadata fetch

[21:02:39] processing 3K7dTgd-2Hw
[21:02:41] [FAIL] metadata fetch

[21:02:51] processing 3K7dTgd-2Hw
[21:02:53] [FAIL] metadata fetch

[21:03:04] processing 3K7dTgd-2Hw
[21:03:05] [FAIL] metadata fetch

[21:03:16] processing 3K7dTgd-2Hw
[21:03:18] [FAIL] metadata fetch

[21:03:29] processing 3K7dTgd-2Hw
[21:03:30] [FAIL] metadata fetch

[21:03:41] processing 3K7dTgd-2Hw
[21:03:43] [FAIL] metadata fetch

[21:03:54] processing 3K7dTgd-2Hw
[21:03:55] [FAIL] metadata fetch

[21:04:06] processing 3K7dTgd-2Hw
[21:04:08] [FAIL] metadata fetch

[21:04:19] processing 3K7dTgd-2Hw
[21:04:20] [FAIL] metadata fetch

[21:04:31] processing 3K7dTgd-2Hw
[21:04:33] [FAIL] metadata fetch

[21:04:44] processing 3K7dTgd-2Hw
[21:04:45] [FAIL] metadata fetch

[21:04:56] processing 3K7dTgd-2Hw
[21:04:57] [FAIL] metadata fetch

[21:05:08] processing 3K7dTgd-2Hw
[21:05:10] [FAIL] metadata fetch

[21:05:21] processing 3K7dTgd-2Hw
[21:05:23] [FAIL] metadata fetch

[21:05:33] processing 3K7dTgd-2Hw
[21:05:34] [FAIL] metadata fetch

[21:05:45] processing 3K7dTgd-2Hw
[21:05:47] [FAIL] metadata fetch

[21:05:58] processing 3K7dTgd-2Hw
[21:06:00] [FAIL] metadata fetch

[21:06:11] processing 3K7dTgd-2Hw
[21:06:12] [FAIL] metadata fetch

[21:06:23] processing 3K7dTgd-2Hw
[21:06:24] [FAIL] metadata fetch

[21:06:35] processing 3K7dTgd-2Hw
[21:06:37] [FAIL] metadata fetch

[21:06:47] processing 3K7dTgd-2Hw
[21:06:49] [FAIL] metadata fetch

[21:07:00] processing 3K7dTgd-2Hw
[21:07:01] [FAIL] metadata fetch

[21:07:12] processing 3K7dTgd-2Hw
[21:07:13] [FAIL] metadata fetch

[21:07:24] processing 3K7dTgd-2Hw
[21:07:25] [FAIL] metadata fetch

[21:07:36] processing 3K7dTgd-2Hw
[21:07:37] [FAIL] metadata fetch

[21:07:48] processing 3K7dTgd-2Hw
[21:07:50] [FAIL] metadata fetch

[21:08:01] processing 3K7dTgd-2Hw
[21:08:03] [FAIL] metadata fetch

[21:08:13] processing 3K7dTgd-2Hw
[21:08:15] [FAIL] metadata fetch

[21:08:26] processing 3K7dTgd-2Hw
[21:08:27] [FAIL] metadata fetch

[21:08:38] processing 3K7dTgd-2Hw
[21:08:40] [FAIL] metadata fetch

[21:08:51] processing 3K7dTgd-2Hw
[21:08:52] [FAIL] metadata fetch

[21:09:03] processing 3K7dTgd-2Hw
[21:09:05] [FAIL] metadata fetch

[21:09:15] processing 3K7dTgd-2Hw
[21:09:17] [FAIL] metadata fetch

[21:09:28] processing 3K7dTgd-2Hw
[21:09:29] [FAIL] metadata fetch

[21:09:40] processing 3K7dTgd-2Hw
[21:09:42] [FAIL] metadata fetch

[21:09:52] processing 3K7dTgd-2Hw
[21:09:55] [FAIL] metadata fetch

[21:10:05] processing 3K7dTgd-2Hw
[21:10:07] [FAIL] metadata fetch

[21:10:18] processing 3K7dTgd-2Hw
[21:10:19] [FAIL] metadata fetch

[21:10:30] processing 3K7dTgd-2Hw
[21:10:31] [FAIL] metadata fetch

[21:10:42] processing 3K7dTgd-2Hw
[21:10:44] [FAIL] metadata fetch

[21:10:54] processing 3K7dTgd-2Hw
[21:10:56] [FAIL] metadata fetch

[21:11:07] processing 3K7dTgd-2Hw
[21:11:08] [FAIL] metadata fetch

[21:11:19] processing 3K7dTgd-2Hw
[21:11:20] [FAIL] metadata fetch

[21:11:31] processing 3K7dTgd-2Hw
[21:11:33] [FAIL] metadata fetch

[21:11:44] processing 3K7dTgd-2Hw
[21:11:45] [FAIL] metadata fetch

[21:11:56] processing 3K7dTgd-2Hw
[21:11:58] [FAIL] metadata fetch

[21:12:09] processing 3K7dTgd-2Hw
[21:12:10] [FAIL] metadata fetch

[21:12:21] processing 3K7dTgd-2Hw
[21:12:23] [FAIL] metadata fetch

[21:12:33] processing 3K7dTgd-2Hw
[21:12:35] [FAIL] metadata fetch

[21:12:46] processing 3K7dTgd-2Hw
[21:12:47] [FAIL] metadata fetch

[21:12:58] processing 3K7dTgd-2Hw
[21:13:00] [FAIL] metadata fetch

[21:13:10] processing 3K7dTgd-2Hw
[21:13:12] [FAIL] metadata fetch

[21:13:23] processing 3K7dTgd-2Hw
[21:13:24] [FAIL] metadata fetch

[21:13:35] processing 3K7dTgd-2Hw
[21:13:36] [FAIL] metadata fetch

[21:13:47] processing 3K7dTgd-2Hw
[21:13:48] [FAIL] metadata fetch

[21:13:59] processing 3K7dTgd-2Hw
[21:14:01] [FAIL] metadata fetch

[21:14:11] processing 3K7dTgd-2Hw
[21:14:13] [FAIL] metadata fetch

[21:14:24] processing 3K7dTgd-2Hw
[21:14:25] [FAIL] metadata fetch

[21:14:36] processing 3K7dTgd-2Hw
[21:14:38] [FAIL] metadata fetch

[21:14:48] processing 3K7dTgd-2Hw
[21:14:50] [FAIL] metadata fetch

[21:15:01] processing 3K7dTgd-2Hw
[21:15:02] [FAIL] metadata fetch

[21:15:13] processing 3K7dTgd-2Hw
[21:15:15] [FAIL] metadata fetch

[21:15:26] processing 3K7dTgd-2Hw
[21:15:27] [FAIL] metadata fetch

[21:15:38] processing 3K7dTgd-2Hw
[21:15:40] [FAIL] metadata fetch

[21:15:51] processing 3K7dTgd-2Hw
[21:15:52] [FAIL] metadata fetch

[21:16:03] processing 3K7dTgd-2Hw
[21:16:05] [FAIL] metadata fetch

[21:16:16] processing 3K7dTgd-2Hw
[21:16:17] [FAIL] metadata fetch

[21:16:28] processing 3K7dTgd-2Hw
[21:16:30] [FAIL] metadata fetch

[21:16:40] processing 3K7dTgd-2Hw
[21:16:42] [FAIL] metadata fetch

[21:16:53] processing 3K7dTgd-2Hw
[21:16:55] [FAIL] metadata fetch

[21:17:06] processing 3K7dTgd-2Hw
[21:17:07] [FAIL] metadata fetch

[21:17:18] processing 3K7dTgd-2Hw
[21:17:20] [FAIL] metadata fetch

[21:17:31] processing 3K7dTgd-2Hw
[21:17:32] [FAIL] metadata fetch

[21:17:43] processing 3K7dTgd-2Hw
[21:17:44] [FAIL] metadata fetch

[21:17:55] processing 3K7dTgd-2Hw
[21:17:56] [FAIL] metadata fetch

[21:18:07] processing 3K7dTgd-2Hw
[21:18:09] [FAIL] metadata fetch

[21:18:20] processing 3K7dTgd-2Hw
[21:18:21] [FAIL] metadata fetch

[21:18:32] processing 3K7dTgd-2Hw
[21:18:34] [FAIL] metadata fetch

[21:18:45] processing 3K7dTgd-2Hw
[21:18:47] [FAIL] metadata fetch

[21:18:57] processing 3K7dTgd-2Hw
[21:18:59] [FAIL] metadata fetch

[21:19:09] processing 3K7dTgd-2Hw
[21:19:11] [FAIL] metadata fetch

[21:19:22] processing 3K7dTgd-2Hw
[21:19:23] [FAIL] metadata fetch

[21:19:34] processing 3K7dTgd-2Hw
[21:19:36] [FAIL] metadata fetch

[21:19:47] processing 3K7dTgd-2Hw
[21:19:48] [FAIL] metadata fetch

[21:19:59] processing 3K7dTgd-2Hw
[21:20:01] [FAIL] metadata fetch

[21:20:12] processing 3K7dTgd-2Hw
[21:20:13] [FAIL] metadata fetch

[21:20:24] processing 3K7dTgd-2Hw
[21:20:26] [FAIL] metadata fetch

[21:20:37] processing 3K7dTgd-2Hw
[21:20:39] [FAIL] metadata fetch

[21:20:50] processing 3K7dTgd-2Hw
[21:20:51] [FAIL] metadata fetch

[21:21:02] processing 3K7dTgd-2Hw
[21:21:03] [FAIL] metadata fetch

[21:21:14] processing 3K7dTgd-2Hw
[21:21:16] [FAIL] metadata fetch

[21:21:26] processing 3K7dTgd-2Hw
[21:21:28] [FAIL] metadata fetch

[21:21:39] processing 3K7dTgd-2Hw
[21:21:41] [FAIL] metadata fetch

[21:21:52] processing 3K7dTgd-2Hw
[21:21:54] [FAIL] metadata fetch

[21:22:05] processing 3K7dTgd-2Hw
[21:22:06] [FAIL] metadata fetch

[21:22:17] processing 3K7dTgd-2Hw
[21:22:18] [FAIL] metadata fetch

[21:22:29] processing 3K7dTgd-2Hw
[21:22:31] [FAIL] metadata fetch

[21:22:42] processing 3K7dTgd-2Hw
[21:22:43] [FAIL] metadata fetch

[21:22:54] processing 3K7dTgd-2Hw
[21:22:56] [FAIL] metadata fetch

[21:23:07] processing 3K7dTgd-2Hw
[21:23:08] [FAIL] metadata fetch

[21:23:19] processing 3K7dTgd-2Hw
[21:23:20] [FAIL] metadata fetch

[21:23:31] processing 3K7dTgd-2Hw
[21:23:33] [FAIL] metadata fetch

[21:23:44] processing 3K7dTgd-2Hw
[21:23:46] [FAIL] metadata fetch

[21:23:57] processing 3K7dTgd-2Hw
[21:23:58] [FAIL] metadata fetch

[21:24:09] processing 3K7dTgd-2Hw
[21:24:10] [FAIL] metadata fetch

[21:24:21] processing 3K7dTgd-2Hw
[21:24:23] [FAIL] metadata fetch

[21:24:33] processing 3K7dTgd-2Hw
[21:24:35] [FAIL] metadata fetch

[21:24:46] processing 3K7dTgd-2Hw
[21:24:48] [FAIL] metadata fetch

[21:24:58] processing 3K7dTgd-2Hw
[21:25:00] [FAIL] metadata fetch

[21:25:11] processing 3K7dTgd-2Hw
[21:25:14] [FAIL] metadata fetch

[21:25:25] processing 3K7dTgd-2Hw
[21:25:27] [FAIL] metadata fetch

[21:25:37] processing 3K7dTgd-2Hw
[21:25:39] [FAIL] metadata fetch

[21:25:49] processing 3K7dTgd-2Hw
[21:25:51] [FAIL] metadata fetch

[21:26:02] processing 3K7dTgd-2Hw
[21:26:04] [FAIL] metadata fetch

[21:26:14] processing 3K7dTgd-2Hw
[21:26:16] [FAIL] metadata fetch

[21:26:27] processing 3K7dTgd-2Hw
[21:26:28] [FAIL] metadata fetch

[21:26:39] processing 3K7dTgd-2Hw
[21:26:40] [FAIL] metadata fetch

[21:26:51] processing 3K7dTgd-2Hw
[21:26:53] [FAIL] metadata fetch

[21:27:03] processing 3K7dTgd-2Hw
[21:27:05] [FAIL] metadata fetch

[21:27:16] processing 3K7dTgd-2Hw
[21:27:17] [FAIL] metadata fetch

[21:27:28] processing 3K7dTgd-2Hw
[21:27:30] [FAIL] metadata fetch

[21:27:40] processing 3K7dTgd-2Hw
[21:27:42] [FAIL] metadata fetch

[21:27:53] processing 3K7dTgd-2Hw
[21:27:54] [FAIL] metadata fetch

[21:28:05] processing 3K7dTgd-2Hw
[21:28:07] [FAIL] metadata fetch

[21:28:17] processing 3K7dTgd-2Hw
[21:28:19] [FAIL] metadata fetch

[21:28:30] processing 3K7dTgd-2Hw
[21:28:32] [FAIL] metadata fetch

[21:28:42] processing 3K7dTgd-2Hw
[21:28:44] [FAIL] metadata fetch

[21:28:55] processing 3K7dTgd-2Hw
[21:28:57] [FAIL] metadata fetch

[21:29:07] processing 3K7dTgd-2Hw
[21:29:09] [FAIL] metadata fetch

[21:29:20] processing 3K7dTgd-2Hw
[21:29:21] [FAIL] metadata fetch

[21:29:32] processing 3K7dTgd-2Hw
[21:29:34] [FAIL] metadata fetch

[21:29:45] processing 3K7dTgd-2Hw
[21:29:46] [FAIL] metadata fetch

[21:29:57] processing 3K7dTgd-2Hw
[21:29:59] [FAIL] metadata fetch

[21:30:10] processing 3K7dTgd-2Hw
[21:30:12] [FAIL] metadata fetch

[21:30:22] processing 3K7dTgd-2Hw
[21:30:24] [FAIL] metadata fetch

[21:30:34] processing 3K7dTgd-2Hw
[21:30:36] [FAIL] metadata fetch

[21:30:47] processing 3K7dTgd-2Hw
[21:30:49] [FAIL] metadata fetch

[21:30:59] processing 3K7dTgd-2Hw
[21:31:01] [FAIL] metadata fetch

[21:31:12] processing 3K7dTgd-2Hw
[21:31:14] [FAIL] metadata fetch

[21:31:25] processing 3K7dTgd-2Hw
[21:31:26] [FAIL] metadata fetch

[21:31:37] processing 3K7dTgd-2Hw
[21:31:39] [FAIL] metadata fetch

[21:31:50] processing 3K7dTgd-2Hw
[21:31:51] [FAIL] metadata fetch

[21:32:02] processing 3K7dTgd-2Hw
[21:32:04] [FAIL] metadata fetch

[21:32:14] processing 3K7dTgd-2Hw
[21:32:16] [FAIL] metadata fetch

[21:32:27] processing 3K7dTgd-2Hw
[21:32:28] [FAIL] metadata fetch

[21:32:39] processing 3K7dTgd-2Hw
[21:32:41] [FAIL] metadata fetch

[21:32:51] processing 3K7dTgd-2Hw
[21:32:53] [FAIL] metadata fetch

[21:33:04] processing 3K7dTgd-2Hw
[21:33:05] [FAIL] metadata fetch

[21:33:16] processing 3K7dTgd-2Hw
[21:33:18] [FAIL] metadata fetch

[21:33:29] processing 3K7dTgd-2Hw
[21:33:31] [FAIL] metadata fetch

[21:33:41] processing 3K7dTgd-2Hw
[21:33:43] [FAIL] metadata fetch

[21:33:53] processing 3K7dTgd-2Hw
[21:33:56] [FAIL] metadata fetch

[21:34:06] processing 3K7dTgd-2Hw
[21:34:08] [FAIL] metadata fetch

[21:34:19] processing 3K7dTgd-2Hw
[21:34:20] [FAIL] metadata fetch

[21:34:31] processing 3K7dTgd-2Hw
[21:34:33] [FAIL] metadata fetch

[21:34:43] processing 3K7dTgd-2Hw
[21:34:45] [FAIL] metadata fetch

[21:34:56] processing 3K7dTgd-2Hw
[21:34:57] [FAIL] metadata fetch

[21:35:08] processing 3K7dTgd-2Hw
[21:35:10] [FAIL] metadata fetch

[21:35:21] processing 3K7dTgd-2Hw
[21:35:22] [FAIL] metadata fetch

[21:35:33] processing 3K7dTgd-2Hw
[21:35:35] [FAIL] metadata fetch

[21:35:46] processing 3K7dTgd-2Hw
[21:35:47] [FAIL] metadata fetch

[21:35:58] processing 3K7dTgd-2Hw
[21:36:00] [FAIL] metadata fetch

[21:36:10] processing 3K7dTgd-2Hw
[21:36:12] [FAIL] metadata fetch

[21:36:23] processing 3K7dTgd-2Hw
[21:36:24] [FAIL] metadata fetch

[21:36:35] processing 3K7dTgd-2Hw
[21:36:37] [FAIL] metadata fetch

[21:36:47] processing 3K7dTgd-2Hw
[21:36:49] [FAIL] metadata fetch

[21:37:00] processing 3K7dTgd-2Hw
[21:37:01] [FAIL] metadata fetch

[21:37:12] processing 3K7dTgd-2Hw
[21:37:13] [FAIL] metadata fetch

[21:37:24] processing 3K7dTgd-2Hw
[21:37:26] [FAIL] metadata fetch

[21:37:36] processing 3K7dTgd-2Hw
[21:37:39] [FAIL] metadata fetch

[21:37:49] processing 3K7dTgd-2Hw
[21:37:51] [FAIL] metadata fetch

[21:38:02] processing 3K7dTgd-2Hw
[21:38:04] [FAIL] metadata fetch

[21:38:15] processing 3K7dTgd-2Hw
[21:38:17] [FAIL] metadata fetch

[21:38:27] processing 3K7dTgd-2Hw
[21:38:29] [FAIL] metadata fetch

[21:38:40] processing 3K7dTgd-2Hw
[21:38:42] [FAIL] metadata fetch

[21:38:53] processing 3K7dTgd-2Hw
[21:38:54] [FAIL] metadata fetch

[21:39:05] processing 3K7dTgd-2Hw
[21:39:07] [FAIL] metadata fetch

[21:39:18] processing 3K7dTgd-2Hw
[21:39:20] [FAIL] metadata fetch

[21:39:30] processing 3K7dTgd-2Hw
[21:39:32] [FAIL] metadata fetch

[21:39:43] processing 3K7dTgd-2Hw
[21:39:44] [FAIL] metadata fetch

[21:39:55] processing 3K7dTgd-2Hw
[21:39:57] [FAIL] metadata fetch

[21:40:07] processing 3K7dTgd-2Hw
[21:40:09] [FAIL] metadata fetch

[21:40:20] processing 3K7dTgd-2Hw
[21:40:21] [FAIL] metadata fetch

[21:40:32] processing 3K7dTgd-2Hw
[21:40:34] [FAIL] metadata fetch

[21:40:45] processing 3K7dTgd-2Hw
[21:40:46] [FAIL] metadata fetch

[21:40:57] processing 3K7dTgd-2Hw
[21:40:58] [FAIL] metadata fetch

[21:41:09] processing 3K7dTgd-2Hw
[21:41:10] [FAIL] metadata fetch

[21:41:21] processing 3K7dTgd-2Hw
[21:41:23] [FAIL] metadata fetch

[21:41:33] processing 3K7dTgd-2Hw
[21:41:35] [FAIL] metadata fetch

[21:41:46] processing 3K7dTgd-2Hw
[21:41:48] [FAIL] metadata fetch

[21:41:59] processing 3K7dTgd-2Hw
[21:42:00] [FAIL] metadata fetch

[21:42:11] processing 3K7dTgd-2Hw
[21:42:13] [FAIL] metadata fetch

[21:42:24] processing 3K7dTgd-2Hw
[21:42:26] [FAIL] metadata fetch

[21:42:36] processing 3K7dTgd-2Hw
[21:42:38] [FAIL] metadata fetch

[21:42:49] processing 3K7dTgd-2Hw
[21:42:51] [FAIL] metadata fetch

[21:43:01] processing 3K7dTgd-2Hw
[21:43:03] [FAIL] metadata fetch

[21:43:14] processing 3K7dTgd-2Hw
[21:43:15] [FAIL] metadata fetch

[21:43:26] processing 3K7dTgd-2Hw
[21:43:27] [FAIL] metadata fetch

[21:43:38] processing 3K7dTgd-2Hw
[21:43:40] [FAIL] metadata fetch

[21:43:51] processing 3K7dTgd-2Hw
[21:43:53] [FAIL] metadata fetch

[21:44:03] processing 3K7dTgd-2Hw
[21:44:05] [FAIL] metadata fetch

[21:44:16] processing 3K7dTgd-2Hw
[21:44:17] [FAIL] metadata fetch

[21:44:28] processing 3K7dTgd-2Hw
[21:44:29] [FAIL] metadata fetch

[21:44:40] processing 3K7dTgd-2Hw
[21:44:41] [FAIL] metadata fetch

[21:44:52] processing 3K7dTgd-2Hw
[21:44:54] [FAIL] metadata fetch

[21:45:04] processing 3K7dTgd-2Hw
[21:45:06] [FAIL] metadata fetch

[21:45:17] processing 3K7dTgd-2Hw
[21:45:18] [FAIL] metadata fetch

[21:45:29] processing 3K7dTgd-2Hw
[21:45:31] [FAIL] metadata fetch

[21:45:42] processing 3K7dTgd-2Hw
[21:45:43] [FAIL] metadata fetch

[21:45:54] processing 3K7dTgd-2Hw
[21:45:55] [FAIL] metadata fetch

[21:46:06] processing 3K7dTgd-2Hw
[21:46:08] [FAIL] metadata fetch

[21:46:18] processing 3K7dTgd-2Hw
[21:46:20] [FAIL] metadata fetch

[21:46:31] processing 3K7dTgd-2Hw
[21:46:32] [FAIL] metadata fetch

[21:46:43] processing 3K7dTgd-2Hw
[21:46:45] [FAIL] metadata fetch

[21:46:55] processing 3K7dTgd-2Hw
[21:46:57] [FAIL] metadata fetch

[21:47:08] processing 3K7dTgd-2Hw
[21:47:09] [FAIL] metadata fetch

[21:47:20] processing 3K7dTgd-2Hw
[21:47:22] [FAIL] metadata fetch

[21:47:33] processing 3K7dTgd-2Hw
[21:47:34] [FAIL] metadata fetch

[21:47:45] processing 3K7dTgd-2Hw
[21:47:46] [FAIL] metadata fetch

[21:47:57] processing 3K7dTgd-2Hw
[21:47:59] [FAIL] metadata fetch

[21:48:09] processing 3K7dTgd-2Hw
[21:48:11] [FAIL] metadata fetch

[21:48:22] processing 3K7dTgd-2Hw
[21:48:23] [FAIL] metadata fetch

[21:48:34] processing 3K7dTgd-2Hw
[21:48:36] [FAIL] metadata fetch

[21:48:46] processing 3K7dTgd-2Hw
[21:48:48] [FAIL] metadata fetch

[21:48:59] processing 3K7dTgd-2Hw
[21:49:01] [FAIL] metadata fetch

[21:49:11] processing 3K7dTgd-2Hw
[21:49:13] [FAIL] metadata fetch

[21:49:23] processing 3K7dTgd-2Hw
[21:49:25] [FAIL] metadata fetch

[21:49:36] processing 3K7dTgd-2Hw
[21:49:37] [FAIL] metadata fetch

[21:49:48] processing 3K7dTgd-2Hw
[21:49:49] [FAIL] metadata fetch

[21:50:00] processing 3K7dTgd-2Hw
[21:50:02] [FAIL] metadata fetch

[21:50:12] processing 3K7dTgd-2Hw
[21:50:15] [FAIL] metadata fetch

[21:50:25] processing 3K7dTgd-2Hw
[21:50:27] [FAIL] metadata fetch

[21:50:38] processing 3K7dTgd-2Hw
[21:50:39] [FAIL] metadata fetch

[21:50:50] processing 3K7dTgd-2Hw
[21:50:51] [FAIL] metadata fetch

[21:51:02] processing 3K7dTgd-2Hw
[21:51:04] [FAIL] metadata fetch

[21:51:14] processing 3K7dTgd-2Hw
[21:51:17] [FAIL] metadata fetch

[21:51:27] processing 3K7dTgd-2Hw
[21:51:28] [FAIL] metadata fetch

[21:51:39] processing 3K7dTgd-2Hw
[21:51:41] [FAIL] metadata fetch

[21:51:52] processing 3K7dTgd-2Hw
[21:51:53] [FAIL] metadata fetch

[21:52:04] processing 3K7dTgd-2Hw
[21:52:06] [FAIL] metadata fetch

[21:52:17] processing 3K7dTgd-2Hw
[21:52:18] [FAIL] metadata fetch

[21:52:29] processing 3K7dTgd-2Hw
[21:52:31] [FAIL] metadata fetch

[21:52:41] processing 3K7dTgd-2Hw
[21:52:43] [FAIL] metadata fetch

[21:52:53] processing 3K7dTgd-2Hw
[21:52:55] [FAIL] metadata fetch

[21:53:06] processing 3K7dTgd-2Hw
[21:53:08] [FAIL] metadata fetch

[21:53:18] processing 3K7dTgd-2Hw
[21:53:20] [FAIL] metadata fetch

[21:53:30] processing 3K7dTgd-2Hw
[21:53:32] [FAIL] metadata fetch

[21:53:43] processing 3K7dTgd-2Hw
[21:53:45] [FAIL] metadata fetch

[21:53:56] processing 3K7dTgd-2Hw
[21:53:57] [FAIL] metadata fetch

[21:54:08] processing 3K7dTgd-2Hw
[21:54:10] [FAIL] metadata fetch

[21:54:21] processing 3K7dTgd-2Hw
[21:54:22] [FAIL] metadata fetch

[21:54:33] processing 3K7dTgd-2Hw
[21:54:34] [FAIL] metadata fetch

[21:54:45] processing 3K7dTgd-2Hw
[21:54:47] [FAIL] metadata fetch

[21:54:58] processing 3K7dTgd-2Hw
[21:54:59] [FAIL] metadata fetch

[21:55:10] processing 3K7dTgd-2Hw
[21:55:12] [FAIL] metadata fetch

[21:55:22] processing 3K7dTgd-2Hw
[21:55:24] [FAIL] metadata fetch

[21:55:35] processing 3K7dTgd-2Hw
[21:55:36] [FAIL] metadata fetch

[21:55:47] processing 3K7dTgd-2Hw
[21:55:48] [FAIL] metadata fetch

[21:55:59] processing 3K7dTgd-2Hw
[21:56:01] [FAIL] metadata fetch

[21:56:11] processing 3K7dTgd-2Hw
[21:56:13] [FAIL] metadata fetch

[21:56:24] processing 3K7dTgd-2Hw
[21:56:25] [FAIL] metadata fetch

[21:56:36] processing 3K7dTgd-2Hw
[21:56:37] [FAIL] metadata fetch

[21:56:48] processing 3K7dTgd-2Hw
[21:56:50] [FAIL] metadata fetch

[21:57:01] processing 3K7dTgd-2Hw
[21:57:02] [FAIL] metadata fetch

[21:57:13] processing 3K7dTgd-2Hw
[21:57:15] [FAIL] metadata fetch

[21:57:25] processing 3K7dTgd-2Hw
[21:57:27] [FAIL] metadata fetch

[21:57:38] processing 3K7dTgd-2Hw
[21:57:40] [FAIL] metadata fetch

[21:57:50] processing 3K7dTgd-2Hw
[21:57:52] [FAIL] metadata fetch

[21:58:03] processing 3K7dTgd-2Hw
[21:58:05] [FAIL] metadata fetch

[21:58:15] processing 3K7dTgd-2Hw
[21:58:18] [FAIL] metadata fetch

[21:58:28] processing 3K7dTgd-2Hw
[21:58:30] [FAIL] metadata fetch

[21:58:40] processing 3K7dTgd-2Hw
[21:58:42] [FAIL] metadata fetch

[21:58:53] processing 3K7dTgd-2Hw
[21:58:54] [FAIL] metadata fetch

[21:59:05] processing 3K7dTgd-2Hw
[21:59:06] [FAIL] metadata fetch

[21:59:17] processing 3K7dTgd-2Hw
[21:59:18] [FAIL] metadata fetch

[21:59:29] processing 3K7dTgd-2Hw
[21:59:31] [FAIL] metadata fetch

[21:59:42] processing 3K7dTgd-2Hw
[21:59:44] [FAIL] metadata fetch

[21:59:55] processing 3K7dTgd-2Hw
[21:59:56] [FAIL] metadata fetch

[22:00:07] processing 3K7dTgd-2Hw
[22:00:09] [FAIL] metadata fetch

[22:00:20] processing 3K7dTgd-2Hw
[22:00:23] [FAIL] metadata fetch

[22:00:33] processing 3K7dTgd-2Hw
[22:00:36] [FAIL] metadata fetch

[22:00:47] processing 3K7dTgd-2Hw
[22:00:48] [FAIL] metadata fetch

[22:00:59] processing 3K7dTgd-2Hw
[22:01:00] [FAIL] metadata fetch

[22:01:11] processing 3K7dTgd-2Hw
[22:01:13] [FAIL] metadata fetch

[22:01:24] processing 3K7dTgd-2Hw
[22:01:25] [FAIL] metadata fetch

[22:01:36] processing 3K7dTgd-2Hw
[22:01:38] [FAIL] metadata fetch

[22:01:49] processing 3K7dTgd-2Hw
[22:01:51] [FAIL] metadata fetch

[22:02:01] processing 3K7dTgd-2Hw
[22:02:03] [FAIL] metadata fetch

[22:02:14] processing 3K7dTgd-2Hw
[22:02:16] [FAIL] metadata fetch

[22:02:26] processing 3K7dTgd-2Hw
[22:02:28] [FAIL] metadata fetch

[22:02:39] processing 3K7dTgd-2Hw
[22:02:41] [FAIL] metadata fetch

[22:02:52] processing 3K7dTgd-2Hw
[22:02:54] [FAIL] metadata fetch

[22:03:04] processing 3K7dTgd-2Hw
[22:03:06] [FAIL] metadata fetch

[22:03:17] processing 3K7dTgd-2Hw
[22:03:19] [FAIL] metadata fetch

[22:03:29] processing 3K7dTgd-2Hw
[22:03:31] [FAIL] metadata fetch

[22:03:42] processing 3K7dTgd-2Hw
[22:03:44] [FAIL] metadata fetch

[22:03:54] processing 3K7dTgd-2Hw
[22:03:56] [FAIL] metadata fetch

[22:04:07] processing 3K7dTgd-2Hw
[22:04:08] [FAIL] metadata fetch

[22:04:19] processing 3K7dTgd-2Hw
[22:04:21] [FAIL] metadata fetch

[22:04:31] processing 3K7dTgd-2Hw
[22:04:33] [FAIL] metadata fetch

[22:04:44] processing 3K7dTgd-2Hw
[22:04:45] [FAIL] metadata fetch

[22:04:56] processing 3K7dTgd-2Hw
[22:04:57] [FAIL] metadata fetch

[22:05:08] processing 3K7dTgd-2Hw
[22:05:10] [FAIL] metadata fetch

[22:05:21] processing 3K7dTgd-2Hw
[22:05:23] [FAIL] metadata fetch

[22:05:34] processing 3K7dTgd-2Hw
[22:05:35] [FAIL] metadata fetch

[22:05:46] processing 3K7dTgd-2Hw
[22:05:48] [FAIL] metadata fetch

[22:05:59] processing 3K7dTgd-2Hw
[22:06:00] [FAIL] metadata fetch

[22:06:11] processing 3K7dTgd-2Hw
[22:06:12] [FAIL] metadata fetch

[22:06:23] processing 3K7dTgd-2Hw
[22:06:25] [FAIL] metadata fetch

[22:06:35] processing 3K7dTgd-2Hw
[22:06:38] [FAIL] metadata fetch

[22:06:48] processing 3K7dTgd-2Hw
[22:06:51] [FAIL] metadata fetch

[22:07:02] processing 3K7dTgd-2Hw
[22:07:04] [FAIL] metadata fetch

[22:07:14] processing 3K7dTgd-2Hw
[22:07:16] [FAIL] metadata fetch

[22:07:26] processing 3K7dTgd-2Hw
[22:07:29] [FAIL] metadata fetch

[22:07:39] processing 3K7dTgd-2Hw
[22:07:41] [FAIL] metadata fetch

[22:07:51] processing 3K7dTgd-2Hw
[22:07:53] [FAIL] metadata fetch

[22:08:04] processing 3K7dTgd-2Hw
[22:08:05] [FAIL] metadata fetch

[22:08:16] processing 3K7dTgd-2Hw
[22:08:17] [FAIL] metadata fetch

[22:08:28] processing 3K7dTgd-2Hw
[22:08:30] [FAIL] metadata fetch

[22:08:40] processing 3K7dTgd-2Hw
[22:08:42] [FAIL] metadata fetch

[22:08:52] processing 3K7dTgd-2Hw
[22:08:54] [FAIL] metadata fetch

[22:09:05] processing 3K7dTgd-2Hw
[22:09:07] [FAIL] metadata fetch

[22:09:17] processing 3K7dTgd-2Hw
[22:09:19] [FAIL] metadata fetch

[22:09:29] processing 3K7dTgd-2Hw
[22:09:31] [FAIL] metadata fetch

[22:09:42] processing 3K7dTgd-2Hw
[22:09:44] [FAIL] metadata fetch

[22:09:55] processing 3K7dTgd-2Hw
[22:09:57] [FAIL] metadata fetch

[22:10:07] processing 3K7dTgd-2Hw
[22:10:09] [FAIL] metadata fetch

[22:10:20] processing 3K7dTgd-2Hw
[22:10:22] [FAIL] metadata fetch

[22:10:32] processing 3K7dTgd-2Hw
[22:10:34] [FAIL] metadata fetch

[22:10:45] processing 3K7dTgd-2Hw
[22:10:47] [FAIL] metadata fetch

[22:10:58] processing 3K7dTgd-2Hw
[22:10:59] [FAIL] metadata fetch

[22:11:10] processing 3K7dTgd-2Hw
[22:11:12] [FAIL] metadata fetch

[22:11:22] processing 3K7dTgd-2Hw
[22:11:24] [FAIL] metadata fetch

[22:11:35] processing 3K7dTgd-2Hw
[22:11:36] [FAIL] metadata fetch

[22:11:47] processing 3K7dTgd-2Hw
[22:11:48] [FAIL] metadata fetch

[22:11:59] processing 3K7dTgd-2Hw
[22:12:01] [FAIL] metadata fetch

[22:12:12] processing 3K7dTgd-2Hw
[22:12:13] [FAIL] metadata fetch

[22:12:24] processing 3K7dTgd-2Hw
[22:12:26] [FAIL] metadata fetch

[22:12:37] processing 3K7dTgd-2Hw
[22:12:38] [FAIL] metadata fetch

[22:12:49] processing 3K7dTgd-2Hw
[22:12:51] [FAIL] metadata fetch

[22:13:02] processing 3K7dTgd-2Hw
[22:13:04] [FAIL] metadata fetch

[22:13:14] processing 3K7dTgd-2Hw
[22:13:16] [FAIL] metadata fetch

[22:13:27] processing 3K7dTgd-2Hw
[22:13:28] [FAIL] metadata fetch

[22:13:39] processing 3K7dTgd-2Hw
[22:13:41] [FAIL] metadata fetch

[22:13:51] processing 3K7dTgd-2Hw
[22:13:53] [FAIL] metadata fetch

[22:14:04] processing 3K7dTgd-2Hw
[22:14:05] [FAIL] metadata fetch

[22:14:16] processing 3K7dTgd-2Hw
[22:14:19] [FAIL] metadata fetch

[22:14:29] processing 3K7dTgd-2Hw
[22:14:31] [FAIL] metadata fetch

[22:14:42] processing 3K7dTgd-2Hw
[22:14:45] [FAIL] metadata fetch

[22:14:56] processing 3K7dTgd-2Hw
[22:14:57] [FAIL] metadata fetch

[22:15:08] processing 3K7dTgd-2Hw
[22:15:10] [FAIL] metadata fetch

[22:15:20] processing 3K7dTgd-2Hw
[22:15:22] [FAIL] metadata fetch

[22:15:33] processing 3K7dTgd-2Hw
[22:15:34] [FAIL] metadata fetch

[22:15:45] processing 3K7dTgd-2Hw
[22:15:46] [FAIL] metadata fetch

[22:15:57] processing 3K7dTgd-2Hw
[22:15:59] [FAIL] metadata fetch

[22:16:09] processing 3K7dTgd-2Hw
[22:16:11] [FAIL] metadata fetch

[22:16:22] processing 3K7dTgd-2Hw
[22:16:23] [FAIL] metadata fetch

[22:16:34] processing 3K7dTgd-2Hw
[22:16:36] [FAIL] metadata fetch

[22:16:47] processing 3K7dTgd-2Hw
[22:16:48] [FAIL] metadata fetch

[22:16:59] processing 3K7dTgd-2Hw
[22:17:00] [FAIL] metadata fetch

[22:17:11] processing 3K7dTgd-2Hw
[22:17:13] [FAIL] metadata fetch

[22:17:24] processing 3K7dTgd-2Hw
[22:17:26] [FAIL] metadata fetch

[22:17:36] processing 3K7dTgd-2Hw
[22:17:38] [FAIL] metadata fetch

[22:17:48] processing 3K7dTgd-2Hw
[22:17:50] [FAIL] metadata fetch

[22:18:01] processing 3K7dTgd-2Hw
[22:18:03] [FAIL] metadata fetch

[22:18:14] processing 3K7dTgd-2Hw
[22:18:15] [FAIL] metadata fetch

[22:18:26] processing 3K7dTgd-2Hw
[22:18:27] [FAIL] metadata fetch

[22:18:38] processing 3K7dTgd-2Hw
[22:18:39] [FAIL] metadata fetch

[22:18:50] processing 3K7dTgd-2Hw
[22:18:52] [FAIL] metadata fetch

[22:19:02] processing 3K7dTgd-2Hw
[22:19:04] [FAIL] metadata fetch

[22:19:15] processing 3K7dTgd-2Hw
[22:19:17] [FAIL] metadata fetch

[22:19:27] processing 3K7dTgd-2Hw
[22:19:29] [FAIL] metadata fetch

[22:19:40] processing 3K7dTgd-2Hw
[22:19:42] [FAIL] metadata fetch

[22:19:53] processing 3K7dTgd-2Hw
[22:19:54] [FAIL] metadata fetch

[22:20:05] processing 3K7dTgd-2Hw
[22:20:07] [FAIL] metadata fetch

[22:20:18] processing 3K7dTgd-2Hw
[22:20:20] [FAIL] metadata fetch

[22:20:30] processing 3K7dTgd-2Hw
[22:20:32] [FAIL] metadata fetch

[22:20:43] processing 3K7dTgd-2Hw
[22:20:44] [FAIL] metadata fetch

[22:20:55] processing 3K7dTgd-2Hw
[22:20:57] [FAIL] metadata fetch

[22:21:07] processing 3K7dTgd-2Hw
[22:21:09] [FAIL] metadata fetch

[22:21:19] processing 3K7dTgd-2Hw
[22:21:21] [FAIL] metadata fetch

[22:21:32] processing 3K7dTgd-2Hw
[22:21:34] [FAIL] metadata fetch

[22:21:45] processing 3K7dTgd-2Hw
[22:21:46] [FAIL] metadata fetch

[22:21:57] processing 3K7dTgd-2Hw
[22:21:58] [FAIL] metadata fetch

[22:22:09] processing 3K7dTgd-2Hw
[22:22:11] [FAIL] metadata fetch

[22:22:21] processing 3K7dTgd-2Hw
[22:22:23] [FAIL] metadata fetch

[22:22:34] processing 3K7dTgd-2Hw
[22:22:35] [FAIL] metadata fetch

[22:22:46] processing 3K7dTgd-2Hw
[22:22:49] [FAIL] metadata fetch

[22:22:59] processing 3K7dTgd-2Hw
[22:23:01] [FAIL] metadata fetch

[22:23:12] processing 3K7dTgd-2Hw
[22:23:13] [FAIL] metadata fetch

[22:23:24] processing 3K7dTgd-2Hw
[22:23:25] [FAIL] metadata fetch

[22:23:36] processing 3K7dTgd-2Hw
[22:23:37] [FAIL] metadata fetch

[22:23:48] processing 3K7dTgd-2Hw
[22:23:50] [FAIL] metadata fetch

[22:24:01] processing 3K7dTgd-2Hw
[22:24:03] [FAIL] metadata fetch

[22:24:13] processing 3K7dTgd-2Hw
[22:24:15] [FAIL] metadata fetch

[22:24:26] processing 3K7dTgd-2Hw
[22:24:27] [FAIL] metadata fetch

[22:24:38] processing 3K7dTgd-2Hw
[22:24:40] [FAIL] metadata fetch

[22:24:51] processing 3K7dTgd-2Hw
[22:24:53] [FAIL] metadata fetch

[22:25:04] processing 3K7dTgd-2Hw
[22:25:06] [FAIL] metadata fetch

[22:25:16] processing 3K7dTgd-2Hw
[22:25:18] [FAIL] metadata fetch

[22:25:29] processing 3K7dTgd-2Hw
[22:25:31] [FAIL] metadata fetch

[22:25:42] processing 3K7dTgd-2Hw
[22:25:43] [FAIL] metadata fetch

[22:25:54] processing 3K7dTgd-2Hw
[22:25:56] [FAIL] metadata fetch

[22:26:07] processing 3K7dTgd-2Hw
[22:26:08] [FAIL] metadata fetch

[22:26:19] processing 3K7dTgd-2Hw
[22:26:20] [FAIL] metadata fetch

[22:26:31] processing 3K7dTgd-2Hw
[22:26:33] [FAIL] metadata fetch

[22:26:43] processing 3K7dTgd-2Hw
[22:26:45] [FAIL] metadata fetch

[22:26:55] processing 3K7dTgd-2Hw
[22:26:57] [FAIL] metadata fetch

[22:27:08] processing 3K7dTgd-2Hw
[22:27:10] [FAIL] metadata fetch

[22:27:20] processing 3K7dTgd-2Hw
[22:27:22] [FAIL] metadata fetch

[22:27:33] processing 3K7dTgd-2Hw
[22:27:34] [FAIL] metadata fetch

[22:27:45] processing 3K7dTgd-2Hw
[22:27:47] [FAIL] metadata fetch

[22:27:57] processing 3K7dTgd-2Hw
[22:27:59] [FAIL] metadata fetch

[22:28:10] processing 3K7dTgd-2Hw
[22:28:11] [FAIL] metadata fetch

[22:28:22] processing 3K7dTgd-2Hw
[22:28:24] [FAIL] metadata fetch

[22:28:34] processing 3K7dTgd-2Hw
[22:28:36] [FAIL] metadata fetch

[22:28:46] processing 3K7dTgd-2Hw
[22:28:48] [FAIL] metadata fetch

[22:28:59] processing 3K7dTgd-2Hw
[22:29:00] [FAIL] metadata fetch

[22:29:11] processing 3K7dTgd-2Hw
[22:29:12] [FAIL] metadata fetch

[22:29:23] processing 3K7dTgd-2Hw
[22:29:26] [FAIL] metadata fetch

[22:29:36] processing 3K7dTgd-2Hw
[22:29:38] [FAIL] metadata fetch

[22:29:49] processing 3K7dTgd-2Hw
[22:29:50] [FAIL] metadata fetch

[22:30:01] processing 3K7dTgd-2Hw
[22:30:02] [FAIL] metadata fetch

[22:30:14] processing 3K7dTgd-2Hw
[22:30:16] [FAIL] metadata fetch

[22:30:26] processing 3K7dTgd-2Hw
[22:30:28] [FAIL] metadata fetch

[22:30:39] processing 3K7dTgd-2Hw
[22:30:40] [FAIL] metadata fetch

[22:30:51] processing 3K7dTgd-2Hw
[22:30:52] [FAIL] metadata fetch

[22:31:03] processing 3K7dTgd-2Hw
[22:31:07] [FAIL] metadata fetch

[22:31:17] processing 3K7dTgd-2Hw
[22:31:19] [FAIL] metadata fetch

[22:31:30] processing 3K7dTgd-2Hw
[22:31:32] [FAIL] metadata fetch

[22:31:42] processing 3K7dTgd-2Hw
[22:31:44] [FAIL] metadata fetch

[22:31:55] processing 3K7dTgd-2Hw
[22:31:57] [FAIL] metadata fetch

[22:32:08] processing 3K7dTgd-2Hw
[22:32:09] [FAIL] metadata fetch

[22:32:20] processing 3K7dTgd-2Hw
[22:32:21] [FAIL] metadata fetch

[22:32:32] processing 3K7dTgd-2Hw
[22:32:34] [FAIL] metadata fetch

[22:32:44] processing 3K7dTgd-2Hw
[22:32:46] [FAIL] metadata fetch

[22:32:57] processing 3K7dTgd-2Hw
[22:32:59] [FAIL] metadata fetch

[22:33:09] processing 3K7dTgd-2Hw
[22:33:11] [FAIL] metadata fetch

[22:33:22] processing 3K7dTgd-2Hw
[22:33:23] [FAIL] metadata fetch

[22:33:34] processing 3K7dTgd-2Hw
[22:33:36] [FAIL] metadata fetch

[22:33:46] processing 3K7dTgd-2Hw
[22:33:48] [FAIL] metadata fetch

[22:33:59] processing 3K7dTgd-2Hw
[22:34:01] [FAIL] metadata fetch

[22:34:12] processing 3K7dTgd-2Hw
[22:34:13] [FAIL] metadata fetch

[22:34:24] processing 3K7dTgd-2Hw
[22:34:26] [FAIL] metadata fetch

[22:34:37] processing 3K7dTgd-2Hw
[22:34:38] [FAIL] metadata fetch

[22:34:49] processing 3K7dTgd-2Hw
[22:34:51] [FAIL] metadata fetch

[22:35:01] processing 3K7dTgd-2Hw
[22:35:10] [FAIL] metadata fetch

[22:35:21] processing 3K7dTgd-2Hw
[22:35:22] [FAIL] metadata fetch

[22:35:33] processing 3K7dTgd-2Hw
[22:35:35] [FAIL] metadata fetch

[22:35:46] processing 3K7dTgd-2Hw
[22:35:47] [FAIL] metadata fetch

[22:35:58] processing 3K7dTgd-2Hw
[22:36:00] [FAIL] metadata fetch

[22:36:10] processing 3K7dTgd-2Hw
[22:36:12] [FAIL] metadata fetch

[22:36:22] processing 3K7dTgd-2Hw
[22:36:24] [FAIL] metadata fetch

[22:36:35] processing 3K7dTgd-2Hw
[22:36:36] [FAIL] metadata fetch

[22:36:47] processing 3K7dTgd-2Hw
[22:36:49] [FAIL] metadata fetch

[22:36:59] processing 3K7dTgd-2Hw
[22:37:01] [FAIL] metadata fetch

[22:37:12] processing 3K7dTgd-2Hw
[22:37:14] [FAIL] metadata fetch

[22:37:25] processing 3K7dTgd-2Hw
[22:37:26] [FAIL] metadata fetch

[22:37:37] processing 3K7dTgd-2Hw
[22:37:39] [FAIL] metadata fetch

[22:37:49] processing 3K7dTgd-2Hw
[22:37:51] [FAIL] metadata fetch

[22:38:02] processing 3K7dTgd-2Hw
[22:38:04] [FAIL] metadata fetch

[22:38:15] processing 3K7dTgd-2Hw
[22:38:17] [FAIL] metadata fetch

[22:38:27] processing 3K7dTgd-2Hw
[22:38:29] [FAIL] metadata fetch

[22:38:40] processing 3K7dTgd-2Hw
[22:38:41] [FAIL] metadata fetch

[22:38:52] processing 3K7dTgd-2Hw
[22:38:54] [FAIL] metadata fetch

[22:39:04] processing 3K7dTgd-2Hw
[22:39:06] [FAIL] metadata fetch

[22:39:17] processing 3K7dTgd-2Hw
[22:39:19] [FAIL] metadata fetch

[22:39:29] processing 3K7dTgd-2Hw
[22:39:31] [FAIL] metadata fetch

[22:39:42] processing 3K7dTgd-2Hw
[22:39:43] [FAIL] metadata fetch

[22:39:54] processing 3K7dTgd-2Hw
[22:39:56] [FAIL] metadata fetch

[22:40:06] processing 3K7dTgd-2Hw
[22:40:08] [FAIL] metadata fetch

[22:40:19] processing 3K7dTgd-2Hw
[22:40:20] [FAIL] metadata fetch

[22:40:31] processing 3K7dTgd-2Hw
[22:40:33] [FAIL] metadata fetch

[22:40:44] processing 3K7dTgd-2Hw
[22:40:45] [FAIL] metadata fetch

[22:40:56] processing 3K7dTgd-2Hw
[22:40:58] [FAIL] metadata fetch

[22:41:08] processing 3K7dTgd-2Hw
[22:41:10] [FAIL] metadata fetch

[22:41:21] processing 3K7dTgd-2Hw
[22:41:22] [FAIL] metadata fetch

[22:41:33] processing 3K7dTgd-2Hw
[22:41:35] [FAIL] metadata fetch

[22:41:45] processing 3K7dTgd-2Hw
[22:41:47] [FAIL] metadata fetch

[22:41:58] processing 3K7dTgd-2Hw
[22:41:59] [FAIL] metadata fetch

[22:42:10] processing 3K7dTgd-2Hw
[22:42:12] [FAIL] metadata fetch

[22:42:23] processing 3K7dTgd-2Hw
[22:42:25] [FAIL] metadata fetch

[22:42:35] processing 3K7dTgd-2Hw
[22:42:37] [FAIL] metadata fetch

[22:42:48] processing 3K7dTgd-2Hw
[22:42:50] [FAIL] metadata fetch

[22:43:00] processing 3K7dTgd-2Hw
[22:43:02] [FAIL] metadata fetch

[22:43:13] processing 3K7dTgd-2Hw
[22:43:15] [FAIL] metadata fetch

[22:43:26] processing 3K7dTgd-2Hw
[22:43:27] [FAIL] metadata fetch

[22:43:38] processing 3K7dTgd-2Hw
[22:43:44] [FAIL] metadata fetch

[22:43:54] processing 3K7dTgd-2Hw
[22:43:56] [FAIL] metadata fetch

[22:44:07] processing 3K7dTgd-2Hw
[22:44:09] [FAIL] metadata fetch

[22:44:20] processing 3K7dTgd-2Hw
[22:44:22] [FAIL] metadata fetch

[22:44:33] processing 3K7dTgd-2Hw
[22:44:34] [FAIL] metadata fetch

[22:44:45] processing 3K7dTgd-2Hw
[22:44:47] [FAIL] metadata fetch

[22:44:57] processing 3K7dTgd-2Hw
[22:44:59] [FAIL] metadata fetch

[22:45:10] processing 3K7dTgd-2Hw
[22:45:11] [FAIL] metadata fetch

[22:45:22] processing DWvyXshiVwF
[22:46:35] [done] DWvyXshiVwF in 73s

[22:46:36] processing 3K7dTgd-2Hw
[22:46:38] [FAIL] metadata fetch

[22:46:49] processing 3K7dTgd-2Hw
[22:46:51] [FAIL] metadata fetch

[22:47:01] processing 3K7dTgd-2Hw
[22:47:03] [FAIL] metadata fetch

[22:47:14] processing 3K7dTgd-2Hw
[22:47:16] [FAIL] metadata fetch

[22:47:27] processing 3K7dTgd-2Hw
[22:47:28] [FAIL] metadata fetch

[22:47:39] processing 3K7dTgd-2Hw
[22:47:41] [FAIL] metadata fetch

[22:47:52] processing 3K7dTgd-2Hw
[22:47:53] [FAIL] metadata fetch

[22:48:04] processing 3K7dTgd-2Hw
[22:48:07] [FAIL] metadata fetch

[22:48:18] processing 3K7dTgd-2Hw
[22:48:20] [FAIL] metadata fetch

[22:48:30] processing 3K7dTgd-2Hw
[22:48:32] [FAIL] metadata fetch

[22:48:43] processing 3K7dTgd-2Hw
[22:48:44] [FAIL] metadata fetch

[22:48:55] processing 3K7dTgd-2Hw
[22:48:56] [FAIL] metadata fetch

[22:49:07] processing 3K7dTgd-2Hw
[22:49:08] [FAIL] metadata fetch

[22:49:19] processing 3K7dTgd-2Hw
[22:49:21] [FAIL] metadata fetch

[22:49:32] processing 3K7dTgd-2Hw
[22:49:34] [FAIL] metadata fetch

[22:49:45] processing 3K7dTgd-2Hw
[22:49:46] [FAIL] metadata fetch

[22:49:57] processing 3K7dTgd-2Hw
[22:49:58] [FAIL] metadata fetch

[22:50:09] processing 3K7dTgd-2Hw
[22:50:10] [FAIL] metadata fetch

[22:50:21] processing 3K7dTgd-2Hw
[22:50:24] [FAIL] metadata fetch

[22:50:35] processing 3K7dTgd-2Hw
[22:50:36] [FAIL] metadata fetch

[22:50:47] processing 3K7dTgd-2Hw
[22:50:52] [FAIL] metadata fetch

[22:51:03] processing 3K7dTgd-2Hw
[22:51:04] [FAIL] metadata fetch

[22:51:15] processing 3K7dTgd-2Hw
[22:51:17] [FAIL] metadata fetch

[22:51:27] processing 3K7dTgd-2Hw
[22:51:30] [FAIL] metadata fetch

[22:51:40] processing 3K7dTgd-2Hw
[22:51:42] [FAIL] metadata fetch

[22:51:52] processing 3K7dTgd-2Hw
[22:51:54] [FAIL] metadata fetch

[22:52:05] processing 3K7dTgd-2Hw
[22:52:07] [FAIL] metadata fetch

[22:52:17] processing 3K7dTgd-2Hw
[22:52:19] [FAIL] metadata fetch

[22:52:29] processing 3K7dTgd-2Hw
[22:52:31] [FAIL] metadata fetch

[22:52:42] processing 3K7dTgd-2Hw
[22:52:44] [FAIL] metadata fetch

[22:52:54] processing 3K7dTgd-2Hw
[22:52:56] [FAIL] metadata fetch

[22:53:07] processing 3K7dTgd-2Hw
[22:53:08] [FAIL] metadata fetch

[22:53:19] processing 3K7dTgd-2Hw
[22:53:21] [FAIL] metadata fetch

[22:53:31] processing 3K7dTgd-2Hw
[22:53:33] [FAIL] metadata fetch

[22:53:44] processing 3K7dTgd-2Hw
[22:53:46] [FAIL] metadata fetch

[22:53:57] processing 3K7dTgd-2Hw
[22:53:58] [FAIL] metadata fetch

[22:54:09] processing 3K7dTgd-2Hw
[22:54:11] [FAIL] metadata fetch

[22:54:21] processing 3K7dTgd-2Hw
[22:54:23] [FAIL] metadata fetch

[22:54:34] processing 3K7dTgd-2Hw
[22:54:36] [FAIL] metadata fetch

[22:54:46] processing 3K7dTgd-2Hw
[22:54:49] [FAIL] metadata fetch

[22:54:59] processing 3K7dTgd-2Hw
[22:55:02] [FAIL] metadata fetch

[22:55:12] processing 3K7dTgd-2Hw
[22:55:15] [FAIL] metadata fetch

[22:55:25] processing 3K7dTgd-2Hw
[22:55:27] [FAIL] metadata fetch

[22:55:37] processing 3K7dTgd-2Hw
[22:55:39] [FAIL] metadata fetch

[22:55:50] processing 3K7dTgd-2Hw
[22:55:52] [FAIL] metadata fetch

[22:56:02] processing 3K7dTgd-2Hw
[22:56:04] [FAIL] metadata fetch

[22:56:15] processing 3K7dTgd-2Hw
[22:56:16] [FAIL] metadata fetch

[22:56:27] processing 3K7dTgd-2Hw
[22:56:29] [FAIL] metadata fetch

[22:56:39] processing 3K7dTgd-2Hw
[22:56:41] [FAIL] metadata fetch

[22:56:52] processing 3K7dTgd-2Hw
[22:56:53] [FAIL] metadata fetch

[22:57:04] processing 3K7dTgd-2Hw
[22:57:06] [FAIL] metadata fetch

[22:57:17] processing 3K7dTgd-2Hw
[22:57:18] [FAIL] metadata fetch

[22:57:29] processing 3K7dTgd-2Hw
[22:57:30] [FAIL] metadata fetch

[22:57:41] processing 3K7dTgd-2Hw
[22:57:43] [FAIL] metadata fetch

[22:57:54] processing 3K7dTgd-2Hw
[22:57:55] [FAIL] metadata fetch

[22:58:06] processing 3K7dTgd-2Hw
[22:58:07] [FAIL] metadata fetch

[22:58:18] processing 3K7dTgd-2Hw
[22:58:20] [FAIL] metadata fetch

[22:58:31] processing 3K7dTgd-2Hw
[22:58:33] [FAIL] metadata fetch

[22:58:43] processing 3K7dTgd-2Hw
[22:58:45] [FAIL] metadata fetch

[22:58:56] processing 3K7dTgd-2Hw
[22:58:57] [FAIL] metadata fetch

[22:59:08] processing 3K7dTgd-2Hw
[22:59:10] [FAIL] metadata fetch

[22:59:20] processing 3K7dTgd-2Hw
[22:59:22] [FAIL] metadata fetch

[22:59:33] processing 3K7dTgd-2Hw
[22:59:35] [FAIL] metadata fetch

[22:59:45] processing 3K7dTgd-2Hw
[22:59:48] [FAIL] metadata fetch

[22:59:58] processing 3K7dTgd-2Hw
[23:00:00] [FAIL] metadata fetch

[23:00:11] processing 3K7dTgd-2Hw
[23:00:13] [FAIL] metadata fetch

[23:00:23] processing 3K7dTgd-2Hw
[23:00:25] [FAIL] metadata fetch

[23:00:36] processing 3K7dTgd-2Hw
[23:00:38] [FAIL] metadata fetch

[23:00:48] processing 3K7dTgd-2Hw
[23:00:50] [FAIL] metadata fetch

[23:01:01] processing 3K7dTgd-2Hw
[23:01:03] [FAIL] metadata fetch

[23:01:13] processing 3K7dTgd-2Hw
[23:01:15] [FAIL] metadata fetch

[23:01:26] processing 3K7dTgd-2Hw
[23:01:27] [FAIL] metadata fetch

[23:01:38] processing 3K7dTgd-2Hw
[23:01:40] [FAIL] metadata fetch

[23:01:51] processing 3K7dTgd-2Hw
[23:01:53] [FAIL] metadata fetch

[23:02:03] processing 3K7dTgd-2Hw
[23:02:06] [FAIL] metadata fetch

[23:02:17] processing 3K7dTgd-2Hw
[23:02:18] [FAIL] metadata fetch

[23:02:29] processing 3K7dTgd-2Hw
[23:02:31] [FAIL] metadata fetch

[23:02:42] processing 3K7dTgd-2Hw
[23:02:44] [FAIL] metadata fetch

[23:02:55] processing 3K7dTgd-2Hw
[23:03:01] [FAIL] metadata fetch

[23:03:12] processing 3K7dTgd-2Hw
[23:03:14] [FAIL] metadata fetch

[23:03:24] processing 3K7dTgd-2Hw
[23:03:26] [FAIL] metadata fetch

[23:03:37] processing 3K7dTgd-2Hw
[23:03:39] [FAIL] metadata fetch

[23:03:50] processing 3K7dTgd-2Hw
[23:03:52] [FAIL] metadata fetch

[23:04:03] processing 3K7dTgd-2Hw
[23:04:05] [FAIL] metadata fetch

[23:04:16] processing 3K7dTgd-2Hw
[23:04:17] [FAIL] metadata fetch

[23:04:28] processing 3K7dTgd-2Hw
[23:04:30] [FAIL] metadata fetch

[23:04:40] processing 3K7dTgd-2Hw
[23:04:42] [FAIL] metadata fetch

[23:04:52] processing 3K7dTgd-2Hw
[23:04:55] [FAIL] metadata fetch

[23:05:05] processing 3K7dTgd-2Hw
[23:05:07] [FAIL] metadata fetch

[23:05:18] processing 3K7dTgd-2Hw
[23:05:20] [FAIL] metadata fetch

[23:05:30] processing 3K7dTgd-2Hw
[23:05:32] [FAIL] metadata fetch

[23:05:43] processing 3K7dTgd-2Hw
[23:05:44] [FAIL] metadata fetch

[23:05:55] processing 3K7dTgd-2Hw
[23:05:57] [FAIL] metadata fetch

[23:06:08] processing 3K7dTgd-2Hw
[23:06:10] [FAIL] metadata fetch

[23:06:21] processing 3K7dTgd-2Hw
[23:06:23] [FAIL] metadata fetch

[23:06:34] processing 3K7dTgd-2Hw
[23:06:35] [FAIL] metadata fetch

[23:06:46] processing 3K7dTgd-2Hw
[23:06:48] [FAIL] metadata fetch

[23:06:59] processing 3K7dTgd-2Hw
[23:07:00] [FAIL] metadata fetch

[23:07:11] processing 3K7dTgd-2Hw
[23:07:13] [FAIL] metadata fetch

[23:07:24] processing 3K7dTgd-2Hw
[23:07:25] [FAIL] metadata fetch

[23:07:36] processing 3K7dTgd-2Hw
[23:07:38] [FAIL] metadata fetch

[23:07:49] processing 3K7dTgd-2Hw
[23:07:51] [FAIL] metadata fetch

[23:08:02] processing 3K7dTgd-2Hw
[23:08:03] [FAIL] metadata fetch

[23:08:14] processing 3K7dTgd-2Hw
[23:08:16] [FAIL] metadata fetch

[23:08:27] processing 3K7dTgd-2Hw
[23:08:28] [FAIL] metadata fetch

[23:08:39] processing 3K7dTgd-2Hw
[23:08:41] [FAIL] metadata fetch

[23:08:52] processing 3K7dTgd-2Hw
[23:08:54] [FAIL] metadata fetch

[23:09:05] processing 3K7dTgd-2Hw
[23:09:06] [FAIL] metadata fetch

[23:09:15] processing 3K7dTgd-2Hw
[23:09:18] [FAIL] metadata fetch

[23:09:29] processing 3K7dTgd-2Hw
[23:09:31] [FAIL] metadata fetch

[23:09:42] processing 3K7dTgd-2Hw
[23:09:43] [FAIL] metadata fetch

[23:09:54] processing 3K7dTgd-2Hw
[23:09:56] [FAIL] metadata fetch

[23:10:07] processing 3K7dTgd-2Hw
[23:10:09] [FAIL] metadata fetch

[23:10:19] processing 3K7dTgd-2Hw
[23:10:22] [FAIL] metadata fetch

[23:10:32] processing 3K7dTgd-2Hw
[23:10:35] [FAIL] metadata fetch

[23:10:45] processing 3K7dTgd-2Hw
[23:10:47] [FAIL] metadata fetch

[23:10:58] processing 3K7dTgd-2Hw
[23:11:00] [FAIL] metadata fetch

[23:11:10] processing 3K7dTgd-2Hw
[23:11:12] [FAIL] metadata fetch

[23:11:23] processing 3K7dTgd-2Hw
[23:11:25] [FAIL] metadata fetch

[23:11:35] processing 3K7dTgd-2Hw
[23:11:37] [FAIL] metadata fetch

[23:11:48] processing 3K7dTgd-2Hw
[23:11:50] [FAIL] metadata fetch

[23:12:01] processing 3K7dTgd-2Hw
[23:12:03] [FAIL] metadata fetch

[23:12:14] processing 3K7dTgd-2Hw
[23:12:16] [FAIL] metadata fetch

[23:12:26] processing 3K7dTgd-2Hw
[23:12:28] [FAIL] metadata fetch

[23:12:38] processing 3K7dTgd-2Hw
[23:12:40] [FAIL] metadata fetch

[23:12:51] processing 3K7dTgd-2Hw
[23:12:52] [FAIL] metadata fetch

[23:13:03] processing 3K7dTgd-2Hw
[23:13:04] [FAIL] metadata fetch

[23:13:15] processing 3K7dTgd-2Hw
[23:13:16] [FAIL] metadata fetch

[23:13:27] processing 3K7dTgd-2Hw
[23:13:28] [FAIL] metadata fetch

[23:13:39] processing 3K7dTgd-2Hw
[23:13:41] [FAIL] metadata fetch

[23:13:52] processing 3K7dTgd-2Hw
[23:13:53] [FAIL] metadata fetch

[23:14:04] processing 3K7dTgd-2Hw
[23:14:06] [FAIL] metadata fetch

[23:14:17] processing 3K7dTgd-2Hw
[23:14:19] [FAIL] metadata fetch

[23:14:30] processing 3K7dTgd-2Hw
[23:14:32] [FAIL] metadata fetch

[23:14:43] processing 3K7dTgd-2Hw
[23:14:44] [FAIL] metadata fetch

[23:14:55] processing 3K7dTgd-2Hw
[23:14:57] [FAIL] metadata fetch

[23:15:08] processing 3K7dTgd-2Hw
[23:15:10] [FAIL] metadata fetch

[23:15:21] processing 3K7dTgd-2Hw
[23:15:22] [FAIL] metadata fetch

[23:15:33] processing 3K7dTgd-2Hw
[23:15:44] [FAIL] metadata fetch

[23:15:55] processing 3K7dTgd-2Hw
[23:15:56] [FAIL] metadata fetch

[23:16:07] processing 3K7dTgd-2Hw
[23:16:09] [FAIL] metadata fetch

[23:16:20] processing 3K7dTgd-2Hw
[23:16:22] [FAIL] metadata fetch

[23:16:32] processing 3K7dTgd-2Hw
[23:16:35] [FAIL] metadata fetch

[23:16:46] processing 3K7dTgd-2Hw
[23:16:48] [FAIL] metadata fetch

[23:16:58] processing 3K7dTgd-2Hw
[23:17:00] [FAIL] metadata fetch

[23:17:11] processing 3K7dTgd-2Hw
[23:17:13] [FAIL] metadata fetch

[23:17:24] processing 3K7dTgd-2Hw
[23:17:26] [FAIL] metadata fetch

[23:17:36] processing 3K7dTgd-2Hw
[23:17:38] [FAIL] metadata fetch

[23:17:49] processing 3K7dTgd-2Hw
[23:17:50] [FAIL] metadata fetch

[23:18:01] processing 3K7dTgd-2Hw
[23:18:03] [FAIL] metadata fetch

[23:18:14] processing 3K7dTgd-2Hw
[23:18:16] [FAIL] metadata fetch

[23:18:27] processing 3K7dTgd-2Hw
[23:18:28] [FAIL] metadata fetch

[23:18:39] processing 3K7dTgd-2Hw
[23:18:41] [FAIL] metadata fetch

[23:18:52] processing 3K7dTgd-2Hw
[23:18:53] [FAIL] metadata fetch

[23:19:04] processing 3K7dTgd-2Hw
[23:19:06] [FAIL] metadata fetch

[23:19:17] processing 3K7dTgd-2Hw
[23:19:19] [FAIL] metadata fetch

[23:19:29] processing 3K7dTgd-2Hw
[23:19:31] [FAIL] metadata fetch

[23:19:42] processing 3K7dTgd-2Hw
[23:19:44] [FAIL] metadata fetch

[23:19:54] processing 3K7dTgd-2Hw
[23:19:56] [FAIL] metadata fetch

[23:20:07] processing 3K7dTgd-2Hw
[23:20:09] [FAIL] metadata fetch

[23:20:19] processing 3K7dTgd-2Hw
[23:20:21] [FAIL] metadata fetch

[23:20:32] processing 3K7dTgd-2Hw
[23:20:34] [FAIL] metadata fetch

[23:20:45] processing 3K7dTgd-2Hw
[23:20:46] [FAIL] metadata fetch

[23:20:57] processing 3K7dTgd-2Hw
[23:20:58] [FAIL] metadata fetch

[23:21:09] processing 3K7dTgd-2Hw
[23:21:11] [FAIL] metadata fetch

[23:21:21] processing 3K7dTgd-2Hw
[23:21:23] [FAIL] metadata fetch

[23:21:34] processing 3K7dTgd-2Hw
[23:21:35] [FAIL] metadata fetch

[23:21:46] processing 3K7dTgd-2Hw
[23:21:48] [FAIL] metadata fetch

[23:21:59] processing 3K7dTgd-2Hw
[23:22:00] [FAIL] metadata fetch

[23:22:11] processing 3K7dTgd-2Hw
[23:22:13] [FAIL] metadata fetch

[23:22:24] processing DX2558FSYXd
[23:23:47] [done] DX2558FSYXd in 82s

[23:23:47] processing 3K7dTgd-2Hw
[23:23:49] [FAIL] metadata fetch

[23:24:00] processing 3K7dTgd-2Hw
[23:24:02] [FAIL] metadata fetch

[23:24:13] processing 3K7dTgd-2Hw
[23:24:15] [FAIL] metadata fetch

[23:24:26] processing 3K7dTgd-2Hw
[23:24:28] [FAIL] metadata fetch

[23:24:39] processing 3K7dTgd-2Hw
[23:24:40] [FAIL] metadata fetch

[23:24:51] processing 3K7dTgd-2Hw
[23:24:53] [FAIL] metadata fetch

[23:25:03] processing 3K7dTgd-2Hw
[23:25:06] [FAIL] metadata fetch

[23:25:17] processing 3K7dTgd-2Hw
[23:25:19] [FAIL] metadata fetch

[23:25:29] processing 3K7dTgd-2Hw
[23:25:31] [FAIL] metadata fetch

[23:25:42] processing 3K7dTgd-2Hw
[23:25:43] [FAIL] metadata fetch

[23:25:54] processing 3K7dTgd-2Hw
[23:25:55] [FAIL] metadata fetch

[23:26:06] processing 3K7dTgd-2Hw
[23:26:08] [FAIL] metadata fetch

[23:26:18] processing 3K7dTgd-2Hw
[23:26:21] [FAIL] metadata fetch

[23:26:31] processing 3K7dTgd-2Hw
[23:26:33] [FAIL] metadata fetch

[23:26:43] processing 3K7dTgd-2Hw
[23:26:46] [FAIL] metadata fetch

[23:26:56] processing 3K7dTgd-2Hw
[23:26:58] [FAIL] metadata fetch

[23:27:08] processing 3K7dTgd-2Hw
[23:27:11] [FAIL] metadata fetch

[23:27:21] processing 3K7dTgd-2Hw
[23:27:23] [FAIL] metadata fetch

[23:27:34] processing 3K7dTgd-2Hw
[23:27:36] [FAIL] metadata fetch

[23:27:46] processing 3K7dTgd-2Hw
[23:27:48] [FAIL] metadata fetch

[23:27:59] processing 3K7dTgd-2Hw
[23:28:01] [FAIL] metadata fetch

[23:28:12] processing 3K7dTgd-2Hw
[23:28:14] [FAIL] metadata fetch

[23:28:25] processing 3K7dTgd-2Hw
[23:28:27] [FAIL] metadata fetch

[23:28:38] processing 3K7dTgd-2Hw
[23:28:39] [FAIL] metadata fetch

[23:28:50] processing 3K7dTgd-2Hw
[23:28:52] [FAIL] metadata fetch

[23:29:02] processing 3K7dTgd-2Hw
[23:29:04] [FAIL] metadata fetch

[23:29:15] processing 3K7dTgd-2Hw
[23:29:17] [FAIL] metadata fetch

[23:29:28] processing 3K7dTgd-2Hw
[23:29:30] [FAIL] metadata fetch

[23:29:40] processing 3K7dTgd-2Hw
[23:29:42] [FAIL] metadata fetch

[23:29:52] processing 3K7dTgd-2Hw
[23:29:54] [FAIL] metadata fetch

[23:30:05] processing 3K7dTgd-2Hw
[23:30:07] [FAIL] metadata fetch

[23:30:18] processing 3K7dTgd-2Hw
[23:30:20] [FAIL] metadata fetch

[23:30:30] processing 3K7dTgd-2Hw
[23:30:32] [FAIL] metadata fetch

[23:30:43] processing 3K7dTgd-2Hw
[23:30:44] [FAIL] metadata fetch

[23:30:55] processing 3K7dTgd-2Hw
[23:30:57] [FAIL] metadata fetch

[23:31:07] processing 3K7dTgd-2Hw
[23:31:09] [FAIL] metadata fetch

[23:31:20] processing 3K7dTgd-2Hw
[23:31:21] [FAIL] metadata fetch

[23:31:32] processing 3K7dTgd-2Hw
[23:31:34] [FAIL] metadata fetch

[23:31:45] processing 3K7dTgd-2Hw
[23:31:46] [FAIL] metadata fetch

[23:31:57] processing 3K7dTgd-2Hw
[23:31:59] [FAIL] metadata fetch

[23:32:10] processing 3K7dTgd-2Hw
[23:32:11] [FAIL] metadata fetch

[23:32:22] processing 3K7dTgd-2Hw
[23:32:23] [FAIL] metadata fetch

[23:32:34] processing 3K7dTgd-2Hw
[23:32:36] [FAIL] metadata fetch

[23:32:47] processing 3K7dTgd-2Hw
[23:32:48] [FAIL] metadata fetch

[23:32:59] processing 3K7dTgd-2Hw
[23:33:01] [FAIL] metadata fetch

[23:33:12] processing 3K7dTgd-2Hw
[23:33:13] [FAIL] metadata fetch

[23:33:24] processing 3K7dTgd-2Hw
[23:33:27] [FAIL] metadata fetch

[23:33:37] processing 3K7dTgd-2Hw
[23:33:39] [FAIL] metadata fetch

[23:33:49] processing 3K7dTgd-2Hw
[23:33:51] [FAIL] metadata fetch

[23:34:02] processing 3K7dTgd-2Hw
[23:34:03] [FAIL] metadata fetch

[23:34:14] processing 3K7dTgd-2Hw
[23:34:16] [FAIL] metadata fetch

[23:34:27] processing 3K7dTgd-2Hw
[23:34:28] [FAIL] metadata fetch

[23:34:39] processing 3K7dTgd-2Hw
[23:34:43] [FAIL] metadata fetch

[23:34:54] processing 3K7dTgd-2Hw
[23:34:56] [FAIL] metadata fetch

[23:35:07] processing 3K7dTgd-2Hw
[23:35:09] [FAIL] metadata fetch

[23:35:20] processing 3K7dTgd-2Hw
[23:35:21] [FAIL] metadata fetch

[23:35:32] processing 3K7dTgd-2Hw
[23:35:33] [FAIL] metadata fetch

[23:35:44] processing 3K7dTgd-2Hw
[23:35:47] [FAIL] metadata fetch

[23:35:57] processing 3K7dTgd-2Hw
[23:35:59] [FAIL] metadata fetch

[23:36:09] processing 3K7dTgd-2Hw
[23:36:11] [FAIL] metadata fetch

[23:36:22] processing 3K7dTgd-2Hw
[23:36:26] [FAIL] metadata fetch

[23:36:36] processing 3K7dTgd-2Hw
[23:36:38] [FAIL] metadata fetch

[23:36:49] processing 3K7dTgd-2Hw
[23:36:50] [FAIL] metadata fetch

[23:37:01] processing 3K7dTgd-2Hw
[23:37:03] [FAIL] metadata fetch

[23:37:13] processing 3K7dTgd-2Hw
[23:37:15] [FAIL] metadata fetch

[23:37:26] processing 3K7dTgd-2Hw
[23:37:28] [FAIL] metadata fetch

[23:37:39] processing 3K7dTgd-2Hw
[23:37:40] [FAIL] metadata fetch

[23:37:51] processing 3K7dTgd-2Hw
[23:37:53] [FAIL] metadata fetch

[23:38:04] processing 3K7dTgd-2Hw
[23:38:06] [FAIL] metadata fetch

[23:38:16] processing 3K7dTgd-2Hw
[23:38:18] [FAIL] metadata fetch

[23:38:29] processing 3K7dTgd-2Hw
[23:38:30] [FAIL] metadata fetch

[23:38:41] processing 3K7dTgd-2Hw
[23:38:43] [FAIL] metadata fetch

[23:38:53] processing 3K7dTgd-2Hw
[23:38:55] [FAIL] metadata fetch

[23:39:06] processing 3K7dTgd-2Hw
[23:39:07] [FAIL] metadata fetch

[23:39:18] processing 3K7dTgd-2Hw
[23:39:19] [FAIL] metadata fetch

[23:39:30] processing 3K7dTgd-2Hw
[23:39:32] [FAIL] metadata fetch

[23:39:42] processing 3K7dTgd-2Hw
[23:39:44] [FAIL] metadata fetch

[23:39:55] processing 3K7dTgd-2Hw
[23:39:57] [FAIL] metadata fetch

[23:40:08] processing 3K7dTgd-2Hw
[23:40:09] [FAIL] metadata fetch

[23:40:20] processing 3K7dTgd-2Hw
[23:40:22] [FAIL] metadata fetch

[23:40:32] processing 3K7dTgd-2Hw
[23:40:34] [FAIL] metadata fetch

[23:40:45] processing 3K7dTgd-2Hw
[23:40:47] [FAIL] metadata fetch

[23:40:58] processing 3K7dTgd-2Hw
[23:40:59] [FAIL] metadata fetch

[23:41:10] processing 3K7dTgd-2Hw
[23:41:12] [FAIL] metadata fetch

[23:41:23] processing 3K7dTgd-2Hw
[23:41:25] [FAIL] metadata fetch

[23:41:36] processing 3K7dTgd-2Hw
[23:41:38] [FAIL] metadata fetch

[23:41:49] processing 3K7dTgd-2Hw
[23:41:50] [FAIL] metadata fetch

[23:42:01] processing 3K7dTgd-2Hw
[23:42:02] [FAIL] metadata fetch

[23:42:13] processing 3K7dTgd-2Hw
[23:42:15] [FAIL] metadata fetch

[23:42:25] processing 3K7dTgd-2Hw
[23:42:27] [FAIL] metadata fetch

[23:42:38] processing 3K7dTgd-2Hw
[23:42:40] [FAIL] metadata fetch

[23:42:50] processing 3K7dTgd-2Hw
[23:42:52] [FAIL] metadata fetch

[23:43:03] processing 3K7dTgd-2Hw
[23:43:05] [FAIL] metadata fetch

[23:43:15] processing 3K7dTgd-2Hw
[23:43:17] [FAIL] metadata fetch

[23:43:28] processing 3K7dTgd-2Hw
[23:43:29] [FAIL] metadata fetch

[23:43:40] processing 3K7dTgd-2Hw
[23:43:41] [FAIL] metadata fetch

[23:43:52] processing 3K7dTgd-2Hw
[23:43:55] [FAIL] metadata fetch

[23:44:05] processing 3K7dTgd-2Hw
[23:44:08] [FAIL] metadata fetch

[23:44:19] processing 3K7dTgd-2Hw
[23:44:20] [FAIL] metadata fetch

[23:44:31] processing 3K7dTgd-2Hw
[23:44:33] [FAIL] metadata fetch

[23:44:43] processing 3K7dTgd-2Hw
[23:44:45] [FAIL] metadata fetch

[23:44:56] processing 3K7dTgd-2Hw
[23:44:57] [FAIL] metadata fetch

[23:45:08] processing 3K7dTgd-2Hw
[23:45:10] [FAIL] metadata fetch

[23:45:20] processing 3K7dTgd-2Hw
[23:45:22] [FAIL] metadata fetch

[23:45:33] processing 3K7dTgd-2Hw
[23:45:35] [FAIL] metadata fetch

[23:45:45] processing 3K7dTgd-2Hw
[23:45:47] [FAIL] metadata fetch

[23:45:58] processing 3K7dTgd-2Hw
[23:46:00] [FAIL] metadata fetch

[23:46:11] processing 3K7dTgd-2Hw
[23:46:13] [FAIL] metadata fetch

[23:46:23] processing 3K7dTgd-2Hw
[23:46:25] [FAIL] metadata fetch

[23:46:36] processing 3K7dTgd-2Hw
[23:46:38] [FAIL] metadata fetch

[23:46:48] processing 3K7dTgd-2Hw
[23:46:50] [FAIL] metadata fetch

[23:47:01] processing 3K7dTgd-2Hw
[23:47:03] [FAIL] metadata fetch

[23:47:14] processing 3K7dTgd-2Hw
[23:47:15] [FAIL] metadata fetch

[23:47:26] processing 3K7dTgd-2Hw
[23:47:28] [FAIL] metadata fetch

[23:47:39] processing 3K7dTgd-2Hw
[23:47:41] [FAIL] metadata fetch

[23:47:52] processing 3K7dTgd-2Hw
[23:47:53] [FAIL] metadata fetch

[23:48:04] processing 3K7dTgd-2Hw
[23:48:06] [FAIL] metadata fetch

[23:48:17] processing 3K7dTgd-2Hw
[23:48:18] [FAIL] metadata fetch

[23:48:29] processing 3K7dTgd-2Hw
[23:48:31] [FAIL] metadata fetch

[23:48:42] processing 3K7dTgd-2Hw
[23:48:43] [FAIL] metadata fetch

[23:48:54] processing 3K7dTgd-2Hw
[23:48:56] [FAIL] metadata fetch

[23:49:07] processing 3K7dTgd-2Hw
[23:49:08] [FAIL] metadata fetch

[23:49:19] processing 3K7dTgd-2Hw
[23:49:21] [FAIL] metadata fetch

[23:49:31] processing 3K7dTgd-2Hw
[23:49:34] [FAIL] metadata fetch

[23:49:45] processing 3K7dTgd-2Hw
[23:49:47] [FAIL] metadata fetch

[23:49:58] processing 3K7dTgd-2Hw
[23:49:59] [FAIL] metadata fetch

[23:50:10] processing 3K7dTgd-2Hw
[23:50:12] [FAIL] metadata fetch

[23:50:22] processing 3K7dTgd-2Hw
[23:50:24] [FAIL] metadata fetch

[23:50:35] processing 3K7dTgd-2Hw
[23:50:36] [FAIL] metadata fetch

[23:50:47] processing 3K7dTgd-2Hw
[23:50:48] [FAIL] metadata fetch

[23:50:59] processing 3K7dTgd-2Hw
[23:51:01] [FAIL] metadata fetch

[23:51:11] processing 3K7dTgd-2Hw
[23:51:13] [FAIL] metadata fetch

[23:51:24] processing 3K7dTgd-2Hw
[23:51:25] [FAIL] metadata fetch

[23:51:36] processing 3K7dTgd-2Hw
[23:51:38] [FAIL] metadata fetch

[23:51:48] processing 3K7dTgd-2Hw
[23:51:50] [FAIL] metadata fetch

[23:52:01] processing 3K7dTgd-2Hw
[23:52:03] [FAIL] metadata fetch

[23:52:13] processing 3K7dTgd-2Hw
[23:52:15] [FAIL] metadata fetch

[23:52:26] processing 3K7dTgd-2Hw
[23:52:28] [FAIL] metadata fetch

[23:52:39] processing 3K7dTgd-2Hw
[23:52:42] [FAIL] metadata fetch

[23:52:52] processing 3K7dTgd-2Hw
[23:52:54] [FAIL] metadata fetch

[23:53:05] processing 3K7dTgd-2Hw
[23:53:06] [FAIL] metadata fetch

[23:53:17] processing 3K7dTgd-2Hw
[23:53:19] [FAIL] metadata fetch

[23:53:30] processing 3K7dTgd-2Hw
[23:53:31] [FAIL] metadata fetch

[23:53:42] processing 3K7dTgd-2Hw
[23:53:44] [FAIL] metadata fetch

[23:53:55] processing 3K7dTgd-2Hw
[23:53:57] [FAIL] metadata fetch

[23:54:07] processing 3K7dTgd-2Hw
[23:54:09] [FAIL] metadata fetch

[23:54:20] processing 3K7dTgd-2Hw
[23:54:22] [FAIL] metadata fetch

[23:54:33] processing 3K7dTgd-2Hw
[23:54:34] [FAIL] metadata fetch

[23:54:45] processing 3K7dTgd-2Hw
[23:54:47] [FAIL] metadata fetch

[23:54:57] processing 3K7dTgd-2Hw
[23:54:59] [FAIL] metadata fetch

[23:55:10] processing 3K7dTgd-2Hw
[23:55:12] [FAIL] metadata fetch

[23:55:23] processing 3K7dTgd-2Hw
[23:55:24] [FAIL] metadata fetch

[23:55:35] processing 3K7dTgd-2Hw
[23:55:37] [FAIL] metadata fetch

[23:55:47] processing 3K7dTgd-2Hw
[23:55:49] [FAIL] metadata fetch

[23:56:00] processing 3K7dTgd-2Hw
[23:56:02] [FAIL] metadata fetch

[23:56:12] processing 3K7dTgd-2Hw
[23:56:14] [FAIL] metadata fetch

[23:56:25] processing 3K7dTgd-2Hw
[23:56:26] [FAIL] metadata fetch

[23:56:37] processing 3K7dTgd-2Hw
[23:56:38] [FAIL] metadata fetch

[23:56:49] processing 3K7dTgd-2Hw
[23:56:52] [FAIL] metadata fetch

[23:57:02] processing 3K7dTgd-2Hw
[23:57:04] [FAIL] metadata fetch

[23:57:14] processing 3K7dTgd-2Hw
[23:57:16] [FAIL] metadata fetch

[23:57:27] processing 3K7dTgd-2Hw
[23:57:28] [FAIL] metadata fetch

[23:57:39] processing 3K7dTgd-2Hw
[23:57:41] [FAIL] metadata fetch

[23:57:52] processing 3K7dTgd-2Hw
[23:57:54] [FAIL] metadata fetch

[23:58:04] processing 3K7dTgd-2Hw
[23:58:06] [FAIL] metadata fetch

[23:58:17] processing 3K7dTgd-2Hw
[23:58:19] [FAIL] metadata fetch

[23:58:30] processing 3K7dTgd-2Hw
[23:58:31] [FAIL] metadata fetch

[23:58:42] processing 3K7dTgd-2Hw
[23:58:44] [FAIL] metadata fetch

[23:58:54] processing 3K7dTgd-2Hw
[23:58:56] [FAIL] metadata fetch

[23:59:06] processing 3K7dTgd-2Hw
[23:59:08] [FAIL] metadata fetch

[23:59:19] processing 3K7dTgd-2Hw
[23:59:21] [FAIL] metadata fetch

[23:59:31] processing 3K7dTgd-2Hw
[23:59:33] [FAIL] metadata fetch

[23:59:44] processing 3K7dTgd-2Hw
[23:59:46] [FAIL] metadata fetch

[23:59:56] processing 3K7dTgd-2Hw
[23:59:59] [FAIL] metadata fetch

[00:00:10] processing 3K7dTgd-2Hw
[00:00:12] [FAIL] metadata fetch

[00:00:22] processing 3K7dTgd-2Hw
[00:00:24] [FAIL] metadata fetch

[00:00:35] processing 3K7dTgd-2Hw
[00:00:37] [FAIL] metadata fetch

[00:00:48] processing 3K7dTgd-2Hw
[00:00:50] [FAIL] metadata fetch

[00:01:01] processing 3K7dTgd-2Hw
[00:01:03] [FAIL] metadata fetch

[00:01:13] processing 3K7dTgd-2Hw
[00:01:15] [FAIL] metadata fetch

[00:01:26] processing 3K7dTgd-2Hw
[00:01:27] [FAIL] metadata fetch

[00:01:38] processing 3K7dTgd-2Hw
[00:01:40] [FAIL] metadata fetch

[00:01:50] processing 3K7dTgd-2Hw
[00:01:52] [FAIL] metadata fetch

[00:02:03] processing 3K7dTgd-2Hw
[00:02:05] [FAIL] metadata fetch

[00:02:15] processing 3K7dTgd-2Hw
[00:02:17] [FAIL] metadata fetch

[00:02:28] processing 3K7dTgd-2Hw
[00:02:30] [FAIL] metadata fetch

[00:02:41] processing 3K7dTgd-2Hw
[00:02:42] [FAIL] metadata fetch

[00:02:53] processing 3K7dTgd-2Hw
[00:02:55] [FAIL] metadata fetch

[00:03:06] processing 3K7dTgd-2Hw
[00:03:08] [FAIL] metadata fetch

[00:03:19] processing 3K7dTgd-2Hw
[00:03:21] [FAIL] metadata fetch

[00:03:32] processing 3K7dTgd-2Hw
[00:03:34] [FAIL] metadata fetch

[00:03:44] processing 3K7dTgd-2Hw
[00:03:46] [FAIL] metadata fetch

[00:03:57] processing 3K7dTgd-2Hw
[00:03:59] [FAIL] metadata fetch

[00:04:09] processing 3K7dTgd-2Hw
[00:04:11] [FAIL] metadata fetch

[00:04:22] processing 3K7dTgd-2Hw
[00:04:23] [FAIL] metadata fetch

[00:04:34] processing 3K7dTgd-2Hw
[00:04:36] [FAIL] metadata fetch

[00:04:47] processing 3K7dTgd-2Hw
[00:04:49] [FAIL] metadata fetch

[00:05:00] processing 3K7dTgd-2Hw
[00:05:01] [FAIL] metadata fetch

[00:05:12] processing 3K7dTgd-2Hw
[00:05:14] [FAIL] metadata fetch

[00:05:25] processing 3K7dTgd-2Hw
[00:05:26] [FAIL] metadata fetch

[00:05:37] processing 3K7dTgd-2Hw
[00:05:39] [FAIL] metadata fetch

[00:05:50] processing 3K7dTgd-2Hw
[00:05:52] [FAIL] metadata fetch

[00:06:03] processing 3K7dTgd-2Hw
[00:06:04] [FAIL] metadata fetch

[00:06:15] processing 3K7dTgd-2Hw
[00:06:16] [FAIL] metadata fetch

[00:06:27] processing 3K7dTgd-2Hw
[00:06:29] [FAIL] metadata fetch

[00:06:40] processing 3K7dTgd-2Hw
[00:06:42] [FAIL] metadata fetch

[00:06:53] processing 3K7dTgd-2Hw
[00:06:54] [FAIL] metadata fetch

[00:07:05] processing 3K7dTgd-2Hw
[00:07:07] [FAIL] metadata fetch

[00:07:18] processing 3K7dTgd-2Hw
[00:07:20] [FAIL] metadata fetch

[00:07:30] processing 3K7dTgd-2Hw
[00:07:32] [FAIL] metadata fetch

[00:07:43] processing 3K7dTgd-2Hw
[00:07:44] [FAIL] metadata fetch

[00:07:55] processing 3K7dTgd-2Hw
[00:07:57] [FAIL] metadata fetch

[00:08:08] processing 3K7dTgd-2Hw
[00:08:10] [FAIL] metadata fetch

[00:08:20] processing 3K7dTgd-2Hw
[00:08:22] [FAIL] metadata fetch

[00:08:33] processing 3K7dTgd-2Hw
[00:08:35] [FAIL] metadata fetch

[00:08:46] processing 3K7dTgd-2Hw
[00:08:47] [FAIL] metadata fetch

[00:08:58] processing 3K7dTgd-2Hw
[00:09:00] [FAIL] metadata fetch

[00:09:10] processing 3K7dTgd-2Hw
[00:09:12] [FAIL] metadata fetch

[00:09:22] processing 3K7dTgd-2Hw
[00:09:24] [FAIL] metadata fetch

[00:09:34] processing 3K7dTgd-2Hw
[00:09:36] [FAIL] metadata fetch

[00:09:47] processing 3K7dTgd-2Hw
[00:09:49] [FAIL] metadata fetch

[00:10:00] processing 3K7dTgd-2Hw
[00:10:02] [FAIL] metadata fetch

[00:10:13] processing 3K7dTgd-2Hw
[00:10:15] [FAIL] metadata fetch

[00:10:26] processing 3K7dTgd-2Hw
[00:10:28] [FAIL] metadata fetch

[00:10:39] processing 3K7dTgd-2Hw
[00:10:41] [FAIL] metadata fetch

[00:10:52] processing 3K7dTgd-2Hw
[00:10:54] [FAIL] metadata fetch

[00:11:04] processing 3K7dTgd-2Hw
[00:11:06] [FAIL] metadata fetch

[00:11:17] processing 3K7dTgd-2Hw
[00:11:18] [FAIL] metadata fetch

[00:11:29] processing 3K7dTgd-2Hw
[00:11:30] [FAIL] metadata fetch

[00:11:41] processing 3K7dTgd-2Hw
[00:11:43] [FAIL] metadata fetch

[00:11:53] processing 3K7dTgd-2Hw
[00:11:56] [FAIL] metadata fetch

[00:12:07] processing 3K7dTgd-2Hw
[00:12:10] [FAIL] metadata fetch

[00:12:20] processing 3K7dTgd-2Hw
[00:12:23] [FAIL] metadata fetch

[00:12:34] processing 3K7dTgd-2Hw
[00:12:36] [FAIL] metadata fetch

[00:12:47] processing 3K7dTgd-2Hw
[00:12:49] [FAIL] metadata fetch

[00:13:00] processing 3K7dTgd-2Hw
[00:13:02] [FAIL] metadata fetch

[00:13:12] processing 3K7dTgd-2Hw
[00:13:14] [FAIL] metadata fetch

[00:13:25] processing 3K7dTgd-2Hw
[00:13:26] [FAIL] metadata fetch

[00:13:37] processing 3K7dTgd-2Hw
[00:13:39] [FAIL] metadata fetch

[00:13:50] processing 3K7dTgd-2Hw
[00:13:52] [FAIL] metadata fetch

[00:14:02] processing 3K7dTgd-2Hw
[00:14:04] [FAIL] metadata fetch

[00:14:15] processing 3K7dTgd-2Hw
[00:14:17] [FAIL] metadata fetch

[00:14:28] processing 3K7dTgd-2Hw
[00:14:30] [FAIL] metadata fetch

[00:14:41] processing 3K7dTgd-2Hw
[00:14:43] [FAIL] metadata fetch

[00:14:54] processing 3K7dTgd-2Hw
[00:14:56] [FAIL] metadata fetch

[00:15:07] processing 3K7dTgd-2Hw
[00:15:09] [FAIL] metadata fetch

[00:15:19] processing 3K7dTgd-2Hw
[00:15:21] [FAIL] metadata fetch

[00:15:32] processing 3K7dTgd-2Hw
[00:15:34] [FAIL] metadata fetch

[00:15:45] processing 3K7dTgd-2Hw
[00:15:47] [FAIL] metadata fetch

[00:15:58] processing 3K7dTgd-2Hw
[00:16:00] [FAIL] metadata fetch

[00:16:10] processing 3K7dTgd-2Hw
[00:16:12] [FAIL] metadata fetch

[00:16:23] processing 3K7dTgd-2Hw
[00:16:24] [FAIL] metadata fetch

[00:16:35] processing 3K7dTgd-2Hw
[00:16:37] [FAIL] metadata fetch

[00:16:48] processing 3K7dTgd-2Hw
[00:16:50] [FAIL] metadata fetch

[00:17:01] processing 3K7dTgd-2Hw
[00:17:03] [FAIL] metadata fetch

[00:17:14] processing 3K7dTgd-2Hw
[00:17:15] [FAIL] metadata fetch

[00:17:26] processing 3K7dTgd-2Hw
[00:17:27] [FAIL] metadata fetch

[00:17:38] processing 3K7dTgd-2Hw
[00:17:40] [FAIL] metadata fetch

[00:17:51] processing 3K7dTgd-2Hw
[00:17:53] [FAIL] metadata fetch

[00:18:04] processing 3K7dTgd-2Hw
[00:18:05] [FAIL] metadata fetch

[00:18:16] processing 3K7dTgd-2Hw
[00:18:18] [FAIL] metadata fetch

[00:18:29] processing 3K7dTgd-2Hw
[00:18:31] [FAIL] metadata fetch

[00:18:41] processing 3K7dTgd-2Hw
[00:18:43] [FAIL] metadata fetch

[00:18:54] processing 3K7dTgd-2Hw
[00:18:56] [FAIL] metadata fetch

[00:19:07] processing 3K7dTgd-2Hw
[00:19:09] [FAIL] metadata fetch

[00:19:19] processing 3K7dTgd-2Hw
[00:19:22] [FAIL] metadata fetch

[00:19:33] processing 3K7dTgd-2Hw
[00:19:34] [FAIL] metadata fetch

[00:19:45] processing 3K7dTgd-2Hw
[00:19:47] [FAIL] metadata fetch

[00:19:58] processing 3K7dTgd-2Hw
[00:20:00] [FAIL] metadata fetch

[00:20:10] processing 3K7dTgd-2Hw
[00:20:12] [FAIL] metadata fetch

[00:20:23] processing 3K7dTgd-2Hw
[00:20:25] [FAIL] metadata fetch

[00:20:36] processing 3K7dTgd-2Hw
[00:20:37] [FAIL] metadata fetch

[00:20:48] processing 3K7dTgd-2Hw
[00:20:50] [FAIL] metadata fetch

[00:21:01] processing 3K7dTgd-2Hw
[00:21:03] [FAIL] metadata fetch

[00:21:14] processing 3K7dTgd-2Hw
[00:21:15] [FAIL] metadata fetch

[00:21:26] processing 3K7dTgd-2Hw
[00:21:28] [FAIL] metadata fetch

[00:21:39] processing 3K7dTgd-2Hw
[00:21:40] [FAIL] metadata fetch

[00:21:51] processing 3K7dTgd-2Hw
[00:21:53] [FAIL] metadata fetch

[00:22:03] processing 3K7dTgd-2Hw
[00:22:05] [FAIL] metadata fetch

[00:22:16] processing 3K7dTgd-2Hw
[00:22:17] [FAIL] metadata fetch

[00:22:28] processing 3K7dTgd-2Hw
[00:22:30] [FAIL] metadata fetch

[00:22:41] processing 3K7dTgd-2Hw
[00:22:45] [FAIL] metadata fetch

[00:22:55] processing 3K7dTgd-2Hw
[00:22:58] [FAIL] metadata fetch

[00:23:08] processing 3K7dTgd-2Hw
[00:23:10] [FAIL] metadata fetch

[00:23:21] processing 3K7dTgd-2Hw
[00:23:23] [FAIL] metadata fetch

[00:23:33] processing 3K7dTgd-2Hw
[00:23:35] [FAIL] metadata fetch

[00:23:46] processing 3K7dTgd-2Hw
[00:23:49] [FAIL] metadata fetch

[00:24:00] processing 3K7dTgd-2Hw
[00:24:01] [FAIL] metadata fetch

[00:24:12] processing 3K7dTgd-2Hw
[00:24:13] [FAIL] metadata fetch

[00:24:24] processing 3K7dTgd-2Hw
[00:24:25] [FAIL] metadata fetch

[00:24:36] processing 3K7dTgd-2Hw
[00:24:38] [FAIL] metadata fetch

[00:24:49] processing 3K7dTgd-2Hw
[00:24:52] [FAIL] metadata fetch

[00:25:03] processing 3K7dTgd-2Hw
[00:25:04] [FAIL] metadata fetch

[00:25:15] processing 3K7dTgd-2Hw
[00:25:17] [FAIL] metadata fetch

[00:25:28] processing 3K7dTgd-2Hw
[00:25:30] [FAIL] metadata fetch

[00:25:41] processing 3K7dTgd-2Hw
[00:25:43] [FAIL] metadata fetch

[00:25:53] processing 3K7dTgd-2Hw
[00:25:55] [FAIL] metadata fetch

[00:26:06] processing 3K7dTgd-2Hw
[00:26:08] [FAIL] metadata fetch

[00:26:19] processing 3K7dTgd-2Hw
[00:26:20] [FAIL] metadata fetch

[00:26:31] processing 3K7dTgd-2Hw
[00:26:33] [FAIL] metadata fetch

[00:26:44] processing 3K7dTgd-2Hw
[00:26:46] [FAIL] metadata fetch

[00:26:56] processing 3K7dTgd-2Hw
[00:26:58] [FAIL] metadata fetch

[00:27:08] processing 3K7dTgd-2Hw
[00:27:10] [FAIL] metadata fetch

[00:27:21] processing 3K7dTgd-2Hw
[00:27:23] [FAIL] metadata fetch

[00:27:34] processing 3K7dTgd-2Hw
[00:27:35] [FAIL] metadata fetch

[00:27:46] processing 3K7dTgd-2Hw
[00:27:48] [FAIL] metadata fetch

[00:27:58] processing 3K7dTgd-2Hw
[00:28:00] [FAIL] metadata fetch

[00:28:11] processing 3K7dTgd-2Hw
[00:28:13] [FAIL] metadata fetch

[00:28:23] processing 3K7dTgd-2Hw
[00:28:26] [FAIL] metadata fetch

[00:28:36] processing 3K7dTgd-2Hw
[00:28:38] [FAIL] metadata fetch

[00:28:49] processing 3K7dTgd-2Hw
[00:28:50] [FAIL] metadata fetch

[00:29:01] processing 3K7dTgd-2Hw
[00:29:03] [FAIL] metadata fetch

[00:29:14] processing 3K7dTgd-2Hw
[00:29:15] [FAIL] metadata fetch

[00:29:26] processing 3K7dTgd-2Hw
[00:29:27] [FAIL] metadata fetch

[00:29:38] processing 3K7dTgd-2Hw
[00:29:40] [FAIL] metadata fetch

[00:29:50] processing 3K7dTgd-2Hw
[00:29:52] [FAIL] metadata fetch

[00:30:03] processing 3K7dTgd-2Hw
[00:30:04] [FAIL] metadata fetch

[00:30:15] processing 3K7dTgd-2Hw
[00:30:17] [FAIL] metadata fetch

[00:30:28] processing 3K7dTgd-2Hw
[00:30:30] [FAIL] metadata fetch

[00:30:40] processing 3K7dTgd-2Hw
[00:30:42] [FAIL] metadata fetch

[00:30:53] processing 3K7dTgd-2Hw
[00:30:55] [FAIL] metadata fetch

[00:31:06] processing 3K7dTgd-2Hw
[00:31:08] [FAIL] metadata fetch

[00:31:19] processing 3K7dTgd-2Hw
[00:31:21] [FAIL] metadata fetch

[00:31:32] processing 3K7dTgd-2Hw
[00:31:34] [FAIL] metadata fetch

[00:31:45] processing 3K7dTgd-2Hw
[00:31:46] [FAIL] metadata fetch

[00:31:57] processing 3K7dTgd-2Hw
[00:32:00] [FAIL] metadata fetch

[00:32:11] processing 3K7dTgd-2Hw
[00:32:13] [FAIL] metadata fetch

[00:32:23] processing 3K7dTgd-2Hw
[00:32:25] [FAIL] metadata fetch

[00:32:36] processing 3K7dTgd-2Hw
[00:32:38] [FAIL] metadata fetch

[00:32:49] processing 3K7dTgd-2Hw
[00:32:51] [FAIL] metadata fetch

[00:33:02] processing 3K7dTgd-2Hw
[00:33:04] [FAIL] metadata fetch

[00:33:14] processing 3K7dTgd-2Hw
[00:33:16] [FAIL] metadata fetch

[00:33:27] processing 3K7dTgd-2Hw
[00:33:29] [FAIL] metadata fetch

[00:33:39] processing 3K7dTgd-2Hw
[00:33:41] [FAIL] metadata fetch

[00:33:52] processing 3K7dTgd-2Hw
[00:33:54] [FAIL] metadata fetch

[00:34:05] processing 3K7dTgd-2Hw
[00:34:06] [FAIL] metadata fetch

[00:34:17] processing 3K7dTgd-2Hw
[00:34:19] [FAIL] metadata fetch

[00:34:30] processing 3K7dTgd-2Hw
[00:34:32] [FAIL] metadata fetch

[00:34:43] processing 3K7dTgd-2Hw
[00:34:45] [FAIL] metadata fetch

[00:34:55] processing 3K7dTgd-2Hw
[00:34:57] [FAIL] metadata fetch

[00:35:08] processing 3K7dTgd-2Hw
[00:35:10] [FAIL] metadata fetch

[00:35:21] processing 3K7dTgd-2Hw
[00:35:23] [FAIL] metadata fetch

[00:35:34] processing 3K7dTgd-2Hw
[00:35:36] [FAIL] metadata fetch

[00:35:48] processing 3K7dTgd-2Hw
[00:35:51] [FAIL] metadata fetch

[00:36:02] processing 3K7dTgd-2Hw
[00:36:03] [FAIL] metadata fetch

[00:36:14] processing 3K7dTgd-2Hw
[00:36:17] [FAIL] metadata fetch

[00:36:28] processing 3K7dTgd-2Hw
[00:36:31] [FAIL] metadata fetch

[00:36:41] processing 3K7dTgd-2Hw
[00:36:43] [FAIL] metadata fetch

[00:36:54] processing 3K7dTgd-2Hw
[00:36:56] [FAIL] metadata fetch

[00:37:06] processing 3K7dTgd-2Hw
[00:37:08] [FAIL] metadata fetch

[00:37:19] processing 3K7dTgd-2Hw
[00:37:21] [FAIL] metadata fetch

[00:37:32] processing 3K7dTgd-2Hw
[00:37:33] [FAIL] metadata fetch

[00:37:44] processing 3K7dTgd-2Hw
[00:37:46] [FAIL] metadata fetch

[00:37:57] processing 3K7dTgd-2Hw
[00:37:58] [FAIL] metadata fetch

[00:38:09] processing 3K7dTgd-2Hw
[00:38:11] [FAIL] metadata fetch

[00:38:22] processing 3K7dTgd-2Hw
[00:38:23] [FAIL] metadata fetch

[00:38:34] processing 3K7dTgd-2Hw
[00:38:35] [FAIL] metadata fetch

[00:38:46] processing 3K7dTgd-2Hw
[00:38:49] [FAIL] metadata fetch

[00:38:59] processing 3K7dTgd-2Hw
[00:39:01] [FAIL] metadata fetch

[00:39:12] processing 3K7dTgd-2Hw
[00:39:14] [FAIL] metadata fetch

[00:39:24] processing 3K7dTgd-2Hw
[00:39:26] [FAIL] metadata fetch

[00:39:37] processing 3K7dTgd-2Hw
[00:39:39] [FAIL] metadata fetch

[00:39:49] processing 3K7dTgd-2Hw
[00:39:51] [FAIL] metadata fetch

[00:40:02] processing 3K7dTgd-2Hw
[00:40:04] [FAIL] metadata fetch

[00:40:15] processing 3K7dTgd-2Hw
[00:40:17] [FAIL] metadata fetch

[00:40:28] processing 3K7dTgd-2Hw
[00:40:30] [FAIL] metadata fetch

[00:40:40] processing 3K7dTgd-2Hw
[00:40:42] [FAIL] metadata fetch

[00:40:53] processing 3K7dTgd-2Hw
[00:40:55] [FAIL] metadata fetch

[00:41:06] processing 3K7dTgd-2Hw
[00:41:07] [FAIL] metadata fetch

[00:41:18] processing 3K7dTgd-2Hw
[00:41:20] [FAIL] metadata fetch

[00:41:31] processing 3K7dTgd-2Hw
[00:41:33] [FAIL] metadata fetch

[00:41:44] processing 3K7dTgd-2Hw
[00:41:46] [FAIL] metadata fetch

[00:41:57] processing 3K7dTgd-2Hw
[00:41:59] [FAIL] metadata fetch

[00:42:10] processing 3K7dTgd-2Hw
[00:42:12] [FAIL] metadata fetch

[00:42:23] processing 3K7dTgd-2Hw
[00:42:25] [FAIL] metadata fetch

[00:42:36] processing 3K7dTgd-2Hw
[00:42:37] [FAIL] metadata fetch

[00:42:48] processing 3K7dTgd-2Hw
[00:42:49] [FAIL] metadata fetch

[00:43:00] processing 3K7dTgd-2Hw
[00:43:02] [FAIL] metadata fetch

[00:43:12] processing 3K7dTgd-2Hw
[00:43:14] [FAIL] metadata fetch

[00:43:25] processing 3K7dTgd-2Hw
[00:43:26] [FAIL] metadata fetch

[00:43:37] processing 3K7dTgd-2Hw
[00:43:39] [FAIL] metadata fetch

[00:43:49] processing 3K7dTgd-2Hw
[00:43:52] [FAIL] metadata fetch

[00:44:03] processing 3K7dTgd-2Hw
[00:44:04] [FAIL] metadata fetch

[00:44:15] processing 3K7dTgd-2Hw
[00:44:17] [FAIL] metadata fetch

[00:44:28] processing 3K7dTgd-2Hw
[00:44:30] [FAIL] metadata fetch

[00:44:41] processing 3K7dTgd-2Hw
[00:44:43] [FAIL] metadata fetch

[00:44:54] processing 3K7dTgd-2Hw
[00:44:55] [FAIL] metadata fetch

[00:45:06] processing 3K7dTgd-2Hw
[00:45:08] [FAIL] metadata fetch

[00:45:19] processing 3K7dTgd-2Hw
[00:45:21] [FAIL] metadata fetch

[00:45:31] processing 3K7dTgd-2Hw
[00:45:33] [FAIL] metadata fetch

[00:45:44] processing 3K7dTgd-2Hw
[00:45:46] [FAIL] metadata fetch

[00:45:57] processing 3K7dTgd-2Hw
[00:45:58] [FAIL] metadata fetch

[00:46:09] processing 3K7dTgd-2Hw
[00:46:11] [FAIL] metadata fetch

[00:46:22] processing 3K7dTgd-2Hw
[00:46:23] [FAIL] metadata fetch

[00:46:34] processing 3K7dTgd-2Hw
[00:46:35] [FAIL] metadata fetch

[00:46:46] processing 3K7dTgd-2Hw
[00:46:47] [FAIL] metadata fetch

[00:46:58] processing 3K7dTgd-2Hw
[00:47:00] [FAIL] metadata fetch

[00:47:11] processing 3K7dTgd-2Hw
[00:47:12] [FAIL] metadata fetch

[00:47:23] processing 3K7dTgd-2Hw
[00:47:25] [FAIL] metadata fetch

[00:47:36] processing 3K7dTgd-2Hw
[00:47:37] [FAIL] metadata fetch

[00:47:48] processing 3K7dTgd-2Hw
[00:47:50] [FAIL] metadata fetch

[00:48:00] processing 3K7dTgd-2Hw
[00:48:03] [FAIL] metadata fetch

[00:48:14] processing 3K7dTgd-2Hw
[00:48:15] [FAIL] metadata fetch

[00:48:26] processing 3K7dTgd-2Hw
[00:48:28] [FAIL] metadata fetch

[00:48:39] processing 3K7dTgd-2Hw
[00:48:40] [FAIL] metadata fetch

[00:48:51] processing 3K7dTgd-2Hw
[00:48:53] [FAIL] metadata fetch

[00:49:04] processing 3K7dTgd-2Hw
[00:49:05] [FAIL] metadata fetch

[00:49:16] processing 3K7dTgd-2Hw
[00:49:18] [FAIL] metadata fetch

[00:49:29] processing 3K7dTgd-2Hw
[00:49:31] [FAIL] metadata fetch

[00:49:41] processing 3K7dTgd-2Hw
[00:49:43] [FAIL] metadata fetch

[00:49:54] processing 3K7dTgd-2Hw
[00:49:55] [FAIL] metadata fetch

[00:50:06] processing 3K7dTgd-2Hw
[00:50:08] [FAIL] metadata fetch

[00:50:18] processing 3K7dTgd-2Hw
[00:50:20] [FAIL] metadata fetch

[00:50:31] processing 3K7dTgd-2Hw
[00:50:32] [FAIL] metadata fetch

[00:50:43] processing 3K7dTgd-2Hw
[00:50:45] [FAIL] metadata fetch

[00:50:56] processing 3K7dTgd-2Hw
[00:50:58] [FAIL] metadata fetch

[00:51:09] processing 3K7dTgd-2Hw
[00:51:10] [FAIL] metadata fetch

[00:51:21] processing 3K7dTgd-2Hw
[00:51:22] [FAIL] metadata fetch

[00:51:33] processing 3K7dTgd-2Hw
[00:51:35] [FAIL] metadata fetch

[00:51:45] processing 3K7dTgd-2Hw
[00:51:47] [FAIL] metadata fetch

[00:51:58] processing 3K7dTgd-2Hw
[00:52:01] [FAIL] metadata fetch

[00:52:12] processing 3K7dTgd-2Hw
[00:52:13] [FAIL] metadata fetch

[00:52:24] processing 3K7dTgd-2Hw
[00:52:26] [FAIL] metadata fetch

[00:52:36] processing 3K7dTgd-2Hw
[00:52:38] [FAIL] metadata fetch

[00:52:49] processing 3K7dTgd-2Hw
[00:52:51] [FAIL] metadata fetch

[00:53:02] processing 3K7dTgd-2Hw
[00:53:06] [FAIL] metadata fetch

[00:53:17] processing 3K7dTgd-2Hw
[00:53:18] [FAIL] metadata fetch

[00:53:29] processing 3K7dTgd-2Hw
[00:53:31] [FAIL] metadata fetch

[00:53:42] processing 3K7dTgd-2Hw
[00:53:43] [FAIL] metadata fetch

[00:53:54] processing 3K7dTgd-2Hw
[00:53:55] [FAIL] metadata fetch

[00:54:06] processing 3K7dTgd-2Hw
[00:54:08] [FAIL] metadata fetch

[00:54:19] processing 3K7dTgd-2Hw
[00:54:20] [FAIL] metadata fetch

[00:54:31] processing 3K7dTgd-2Hw
[00:54:33] [FAIL] metadata fetch

[00:54:44] processing 3K7dTgd-2Hw
[00:54:46] [FAIL] metadata fetch

[00:54:56] processing 3K7dTgd-2Hw
[00:54:59] [FAIL] metadata fetch

[00:55:10] processing 3K7dTgd-2Hw
[00:55:11] [FAIL] metadata fetch

[00:55:22] processing 3K7dTgd-2Hw
[00:55:24] [FAIL] metadata fetch

[00:55:34] processing 3K7dTgd-2Hw
[00:55:36] [FAIL] metadata fetch

[00:55:47] processing 3K7dTgd-2Hw
[00:55:49] [FAIL] metadata fetch

[00:56:00] processing 3K7dTgd-2Hw
[00:56:01] [FAIL] metadata fetch

[00:56:12] processing 3K7dTgd-2Hw
[00:56:14] [FAIL] metadata fetch

[00:56:25] processing 3K7dTgd-2Hw
[00:56:26] [FAIL] metadata fetch

[00:56:37] processing 3K7dTgd-2Hw
[00:56:39] [FAIL] metadata fetch

[00:56:50] processing 3K7dTgd-2Hw
[00:56:52] [FAIL] metadata fetch

[00:57:03] processing 3K7dTgd-2Hw
[00:57:04] [FAIL] metadata fetch

[00:57:15] processing 3K7dTgd-2Hw
[00:57:17] [FAIL] metadata fetch

[00:57:27] processing 3K7dTgd-2Hw
[00:57:30] [FAIL] metadata fetch
[13:30:32] auto_worker started (polling every 10s)

[19:32:56] processing DTci2T1gYX4
Gemini call error: ('Connection aborted.', ConnectionResetError(10054, '현재 연결은 원격 호스트에 의해 강제로 끊겼습니다', None, 10054, None))
Gemini response truncated (MAX_TOKENS, 60 chars)
[classify_hook_archetype] failed: Expecting property name enclosed in double quotes: line 3 column 30 (char 60) \u2014 fallback to surface classify
[19:37:32] [done] DTci2T1gYX4 in 276s
